article_title,image_url,alt_text,title_text,article_source
"Podeps√°no: pir√°tsk√Ω m√≠stostarosta, starostou bude Robert Pecha",https://web.archive.org/web/20230206023743im_/https://www.piratibrandys.cz/wp-content/uploads/2022/10/k11-1024x336.png,"Zleva: Jan Chleboun (ODS), Patrick Zandl (Pir√°ti), Robert Pecha (KDU-ƒåSL) a Tom√°≈° Nekola (Pro Zdrav√≠).",,https://web.archive.org/web/20230330073311/https://www.piratibrandys.cz/clanek/2022-10-07-podepsano-piratsky-mistostarosta-starostou-bude-robert-pecha
"Podeps√°no: pir√°tsk√Ω m√≠stostarosta, starostou bude Robert Pecha",https://web.archive.org/web/20230206023743im_/https://static.xx.fbcdn.net/images/emoji.php/v9/t3/2/16/1f91d.png,ü§ù,,https://web.archive.org/web/20230330073311/https://www.piratibrandys.cz/clanek/2022-10-07-podepsano-piratsky-mistostarosta-starostou-bude-robert-pecha
"Podeps√°no: pir√°tsk√Ω m√≠stostarosta, starostou bude Robert Pecha",https://web.archive.org/web/20230206023743im_/https://www.piratibrandys.cz/wp-content/uploads/2018/11/Screenshot-2022-05-23-at-14.29.50-48x48.png,,,https://web.archive.org/web/20230330073311/https://www.piratibrandys.cz/clanek/2022-10-07-podepsano-piratsky-mistostarosta-starostou-bude-robert-pecha
Nov√° l√°vka pro cyklo-pƒõ≈°√≠ za Ostr≈Øvkem,https://web.archive.org/web/20230327204425im_/https://www.piratibrandys.cz/wp-content/uploads/2018/11/Snimek-obrazovky-2022-05-22-v-21.57.30-48x48.png,,,https://web.archive.org/web/20230330073311/https://www.piratibrandys.cz/clanek/2022-09-14-nova-lavka-pro-cyklo-pesi-za-ostruvkem
Zajist√≠me levn√© a ekologick√© teplo z ƒçistiƒçky!,https://web.archive.org/web/20230327210134im_/https://www.piratibrandys.cz/wp-content/uploads/2018/11/Screenshot-2022-05-23-at-14.29.50-48x48.png,,,https://web.archive.org/web/20230330073311/https://www.piratibrandys.cz/clanek/2022-09-12-zajistime-levne-a-ekologicke-teplo-z-cisticky
Jak p≈ôil√°kat doktory do mƒõsta,https://web.archive.org/web/20230321084842im_/https://www.piratibrandys.cz/wp-content/uploads/2018/11/Snimek-obrazovky-2022-05-22-v-21.57.30-48x48.png,,,https://web.archive.org/web/20230330073311/https://www.piratibrandys.cz/clanek/2022-09-10-jak-prilakat-doktory-do-mesta
Kontrolujeme p≈ôedvolebn√≠ sliby radnice,https://web.archive.org/web/20230321080155im_/https://www.piratibrandys.cz/wp-content/uploads/2022/09/no.jpg,,,https://web.archive.org/web/20230330073311/https://www.piratibrandys.cz/clanek/2022-09-09-kontrolujeme-predvolebni-sliby-radnice
Kontrolujeme p≈ôedvolebn√≠ sliby radnice,https://web.archive.org/web/20230321080155im_/https://www.piratibrandys.cz/wp-content/uploads/2022/09/no.jpg,,,https://web.archive.org/web/20230330073311/https://www.piratibrandys.cz/clanek/2022-09-09-kontrolujeme-predvolebni-sliby-radnice
Kontrolujeme p≈ôedvolebn√≠ sliby radnice,https://web.archive.org/web/20230321080155im_/https://www.piratibrandys.cz/wp-content/uploads/2022/09/yes.jpg,,,https://web.archive.org/web/20230330073311/https://www.piratibrandys.cz/clanek/2022-09-09-kontrolujeme-predvolebni-sliby-radnice
Kontrolujeme p≈ôedvolebn√≠ sliby radnice,https://web.archive.org/web/20230321080155im_/https://www.piratibrandys.cz/wp-content/uploads/2022/09/no.jpg,,,https://web.archive.org/web/20230330073311/https://www.piratibrandys.cz/clanek/2022-09-09-kontrolujeme-predvolebni-sliby-radnice
Kontrolujeme p≈ôedvolebn√≠ sliby radnice,https://web.archive.org/web/20230321080155im_/https://www.piratibrandys.cz/wp-content/uploads/2022/09/no.jpg,,,https://web.archive.org/web/20230330073311/https://www.piratibrandys.cz/clanek/2022-09-09-kontrolujeme-predvolebni-sliby-radnice
Kontrolujeme p≈ôedvolebn√≠ sliby radnice,https://web.archive.org/web/20230321080155im_/https://www.piratibrandys.cz/wp-content/uploads/2022/09/no.jpg,,,https://web.archive.org/web/20230330073311/https://www.piratibrandys.cz/clanek/2022-09-09-kontrolujeme-predvolebni-sliby-radnice
Kontrolujeme p≈ôedvolebn√≠ sliby radnice,https://web.archive.org/web/20230321080155im_/https://www.piratibrandys.cz/wp-content/uploads/2022/09/yes.jpg,,,https://web.archive.org/web/20230330073311/https://www.piratibrandys.cz/clanek/2022-09-09-kontrolujeme-predvolebni-sliby-radnice
Kontrolujeme p≈ôedvolebn√≠ sliby radnice,https://web.archive.org/web/20230321080155im_/https://www.piratibrandys.cz/wp-content/uploads/2022/09/no.jpg,,,https://web.archive.org/web/20230330073311/https://www.piratibrandys.cz/clanek/2022-09-09-kontrolujeme-predvolebni-sliby-radnice
Kontrolujeme p≈ôedvolebn√≠ sliby radnice,https://web.archive.org/web/20230321080155im_/https://www.piratibrandys.cz/wp-content/uploads/2022/09/yes.jpg,,,https://web.archive.org/web/20230330073311/https://www.piratibrandys.cz/clanek/2022-09-09-kontrolujeme-predvolebni-sliby-radnice
Kontrolujeme p≈ôedvolebn√≠ sliby radnice,https://web.archive.org/web/20230321080155im_/https://www.piratibrandys.cz/wp-content/uploads/2022/09/yes.jpg,,,https://web.archive.org/web/20230330073311/https://www.piratibrandys.cz/clanek/2022-09-09-kontrolujeme-predvolebni-sliby-radnice
Kontrolujeme p≈ôedvolebn√≠ sliby radnice,https://web.archive.org/web/20230321080155im_/https://www.piratibrandys.cz/wp-content/uploads/2022/09/no.jpg,,,https://web.archive.org/web/20230330073311/https://www.piratibrandys.cz/clanek/2022-09-09-kontrolujeme-predvolebni-sliby-radnice
Kontrolujeme p≈ôedvolebn√≠ sliby radnice,https://web.archive.org/web/20230321080155im_/https://www.piratibrandys.cz/wp-content/uploads/2022/09/yes.jpg,,,https://web.archive.org/web/20230330073311/https://www.piratibrandys.cz/clanek/2022-09-09-kontrolujeme-predvolebni-sliby-radnice
Kontrolujeme p≈ôedvolebn√≠ sliby radnice,https://web.archive.org/web/20230321080155im_/https://www.piratibrandys.cz/wp-content/uploads/2022/09/yes.jpg,,,https://web.archive.org/web/20230330073311/https://www.piratibrandys.cz/clanek/2022-09-09-kontrolujeme-predvolebni-sliby-radnice
Kontrolujeme p≈ôedvolebn√≠ sliby radnice,https://web.archive.org/web/20230321080155im_/https://www.piratibrandys.cz/wp-content/uploads/2022/09/yes.jpg,,,https://web.archive.org/web/20230330073311/https://www.piratibrandys.cz/clanek/2022-09-09-kontrolujeme-predvolebni-sliby-radnice
Kontrolujeme p≈ôedvolebn√≠ sliby radnice,https://web.archive.org/web/20230321080155im_/https://www.piratibrandys.cz/wp-content/uploads/2022/09/yes.jpg,,,https://web.archive.org/web/20230330073311/https://www.piratibrandys.cz/clanek/2022-09-09-kontrolujeme-predvolebni-sliby-radnice
Kontrolujeme p≈ôedvolebn√≠ sliby radnice,https://web.archive.org/web/20230321080155im_/https://www.piratibrandys.cz/wp-content/uploads/2022/09/no.jpg,,,https://web.archive.org/web/20230330073311/https://www.piratibrandys.cz/clanek/2022-09-09-kontrolujeme-predvolebni-sliby-radnice
Kontrolujeme p≈ôedvolebn√≠ sliby radnice,https://web.archive.org/web/20230321080155im_/https://www.piratibrandys.cz/wp-content/uploads/2022/09/yes.jpg,,,https://web.archive.org/web/20230330073311/https://www.piratibrandys.cz/clanek/2022-09-09-kontrolujeme-predvolebni-sliby-radnice
Kontrolujeme p≈ôedvolebn√≠ sliby radnice,https://web.archive.org/web/20230321080155im_/https://www.piratibrandys.cz/wp-content/uploads/2022/09/yes.jpg,,,https://web.archive.org/web/20230330073311/https://www.piratibrandys.cz/clanek/2022-09-09-kontrolujeme-predvolebni-sliby-radnice
Kontrolujeme p≈ôedvolebn√≠ sliby radnice,https://web.archive.org/web/20230321080155im_/https://www.piratibrandys.cz/wp-content/uploads/2022/09/no.jpg,,,https://web.archive.org/web/20230330073311/https://www.piratibrandys.cz/clanek/2022-09-09-kontrolujeme-predvolebni-sliby-radnice
Kontrolujeme p≈ôedvolebn√≠ sliby radnice,https://web.archive.org/web/20230321080155im_/https://www.piratibrandys.cz/wp-content/uploads/2022/09/no.jpg,,,https://web.archive.org/web/20230330073311/https://www.piratibrandys.cz/clanek/2022-09-09-kontrolujeme-predvolebni-sliby-radnice
Kontrolujeme p≈ôedvolebn√≠ sliby radnice,https://web.archive.org/web/20230321080155im_/https://www.piratibrandys.cz/wp-content/uploads/2022/09/no.jpg,,,https://web.archive.org/web/20230330073311/https://www.piratibrandys.cz/clanek/2022-09-09-kontrolujeme-predvolebni-sliby-radnice
Kontrolujeme p≈ôedvolebn√≠ sliby radnice,https://web.archive.org/web/20230321080155im_/https://www.piratibrandys.cz/wp-content/uploads/2022/09/no.jpg,,,https://web.archive.org/web/20230330073311/https://www.piratibrandys.cz/clanek/2022-09-09-kontrolujeme-predvolebni-sliby-radnice
Kontrolujeme p≈ôedvolebn√≠ sliby radnice,https://web.archive.org/web/20230321080155im_/https://www.piratibrandys.cz/wp-content/uploads/2022/09/no.jpg,,,https://web.archive.org/web/20230330073311/https://www.piratibrandys.cz/clanek/2022-09-09-kontrolujeme-predvolebni-sliby-radnice
Kontrolujeme p≈ôedvolebn√≠ sliby radnice,https://web.archive.org/web/20230321080155im_/https://www.piratibrandys.cz/wp-content/uploads/2022/09/yes.jpg,,,https://web.archive.org/web/20230330073311/https://www.piratibrandys.cz/clanek/2022-09-09-kontrolujeme-predvolebni-sliby-radnice
Kontrolujeme p≈ôedvolebn√≠ sliby radnice,https://web.archive.org/web/20230321080155im_/https://www.piratibrandys.cz/wp-content/uploads/2022/09/no.jpg,,,https://web.archive.org/web/20230330073311/https://www.piratibrandys.cz/clanek/2022-09-09-kontrolujeme-predvolebni-sliby-radnice
Kontrolujeme p≈ôedvolebn√≠ sliby radnice,https://web.archive.org/web/20230321080155im_/https://www.piratibrandys.cz/wp-content/uploads/2022/09/no.jpg,,,https://web.archive.org/web/20230330073311/https://www.piratibrandys.cz/clanek/2022-09-09-kontrolujeme-predvolebni-sliby-radnice
Kontrolujeme p≈ôedvolebn√≠ sliby radnice,https://web.archive.org/web/20230321080155im_/https://www.piratibrandys.cz/wp-content/uploads/2022/09/yes.jpg,,,https://web.archive.org/web/20230330073311/https://www.piratibrandys.cz/clanek/2022-09-09-kontrolujeme-predvolebni-sliby-radnice
Kontrolujeme p≈ôedvolebn√≠ sliby radnice,https://web.archive.org/web/20230321080155im_/https://www.piratibrandys.cz/wp-content/uploads/2022/09/no.jpg,,,https://web.archive.org/web/20230330073311/https://www.piratibrandys.cz/clanek/2022-09-09-kontrolujeme-predvolebni-sliby-radnice
Kontrolujeme p≈ôedvolebn√≠ sliby radnice,https://web.archive.org/web/20230321080155im_/https://www.piratibrandys.cz/wp-content/uploads/2022/09/no.jpg,,,https://web.archive.org/web/20230330073311/https://www.piratibrandys.cz/clanek/2022-09-09-kontrolujeme-predvolebni-sliby-radnice
Kontrolujeme p≈ôedvolebn√≠ sliby radnice,https://web.archive.org/web/20230321080155im_/https://www.piratibrandys.cz/wp-content/uploads/2022/09/no.jpg,,,https://web.archive.org/web/20230330073311/https://www.piratibrandys.cz/clanek/2022-09-09-kontrolujeme-predvolebni-sliby-radnice
Kontrolujeme p≈ôedvolebn√≠ sliby radnice,https://web.archive.org/web/20230321080155im_/https://www.piratibrandys.cz/wp-content/uploads/2022/09/yes.jpg,,,https://web.archive.org/web/20230330073311/https://www.piratibrandys.cz/clanek/2022-09-09-kontrolujeme-predvolebni-sliby-radnice
Kontrolujeme p≈ôedvolebn√≠ sliby radnice,https://web.archive.org/web/20230321080155im_/https://www.piratibrandys.cz/wp-content/uploads/2022/09/no.jpg,,,https://web.archive.org/web/20230330073311/https://www.piratibrandys.cz/clanek/2022-09-09-kontrolujeme-predvolebni-sliby-radnice
Kontrolujeme p≈ôedvolebn√≠ sliby radnice,https://web.archive.org/web/20230321080155im_/https://www.piratibrandys.cz/wp-content/uploads/2022/09/yes.jpg,,,https://web.archive.org/web/20230330073311/https://www.piratibrandys.cz/clanek/2022-09-09-kontrolujeme-predvolebni-sliby-radnice
Kontrolujeme p≈ôedvolebn√≠ sliby radnice,https://web.archive.org/web/20230321080155im_/https://www.piratibrandys.cz/wp-content/uploads/2022/09/yes.jpg,,,https://web.archive.org/web/20230330073311/https://www.piratibrandys.cz/clanek/2022-09-09-kontrolujeme-predvolebni-sliby-radnice
Kontrolujeme p≈ôedvolebn√≠ sliby radnice,https://web.archive.org/web/20230321080155im_/https://www.piratibrandys.cz/wp-content/uploads/2022/09/no.jpg,,,https://web.archive.org/web/20230330073311/https://www.piratibrandys.cz/clanek/2022-09-09-kontrolujeme-predvolebni-sliby-radnice
Kontrolujeme p≈ôedvolebn√≠ sliby radnice,https://web.archive.org/web/20230321080155im_/https://www.piratibrandys.cz/wp-content/uploads/2022/09/no.jpg,,,https://web.archive.org/web/20230330073311/https://www.piratibrandys.cz/clanek/2022-09-09-kontrolujeme-predvolebni-sliby-radnice
Kontrolujeme p≈ôedvolebn√≠ sliby radnice,https://web.archive.org/web/20230321080155im_/https://www.piratibrandys.cz/wp-content/uploads/2022/09/no.jpg,,,https://web.archive.org/web/20230330073311/https://www.piratibrandys.cz/clanek/2022-09-09-kontrolujeme-predvolebni-sliby-radnice
Kontrolujeme p≈ôedvolebn√≠ sliby radnice,https://web.archive.org/web/20230321080155im_/https://www.piratibrandys.cz/wp-content/uploads/2022/09/yes.jpg,,,https://web.archive.org/web/20230330073311/https://www.piratibrandys.cz/clanek/2022-09-09-kontrolujeme-predvolebni-sliby-radnice
Kontrolujeme p≈ôedvolebn√≠ sliby radnice,https://web.archive.org/web/20230321080155im_/https://www.piratibrandys.cz/wp-content/uploads/2022/09/no.jpg,,,https://web.archive.org/web/20230330073311/https://www.piratibrandys.cz/clanek/2022-09-09-kontrolujeme-predvolebni-sliby-radnice
Jak napln√≠me pr√°zdnou mƒõstskou kasu,https://web.archive.org/web/20230206021042im_/https://www.piratibrandys.cz/wp-content/uploads/2018/11/Screenshot-2022-05-23-at-14.29.50-48x48.png,,,https://web.archive.org/web/20230330073311/https://www.piratibrandys.cz/clanek/2022-09-09-jak-naplnime-prazdnou-mestskou-kasu
U≈æ na startu kampanƒõ jsme ≈ôe≈°ili d≈Øle≈æit√° t√©mata,https://web.archive.org/web/20230206031038im_/https://static.xx.fbcdn.net/images/emoji.php/v9/t91/2/16/2614.png,‚òîÔ∏è,,https://web.archive.org/web/20230321081229/https://www.piratibrandys.cz/clanek/2022-05-29-na-startu-kampane-jsme-resili-dulezita-temata
U≈æ na startu kampanƒõ jsme ≈ôe≈°ili d≈Øle≈æit√° t√©mata,https://web.archive.org/web/20230206031038im_/https://static.xx.fbcdn.net/images/emoji.php/v9/t59/2/16/31_20e3.png,1Ô∏è‚É£,,https://web.archive.org/web/20230321081229/https://www.piratibrandys.cz/clanek/2022-05-29-na-startu-kampane-jsme-resili-dulezita-temata
U≈æ na startu kampanƒõ jsme ≈ôe≈°ili d≈Øle≈æit√° t√©mata,https://web.archive.org/web/20230206031038im_/https://static.xx.fbcdn.net/images/emoji.php/v9/t78/2/16/32_20e3.png,2Ô∏è‚É£,,https://web.archive.org/web/20230321081229/https://www.piratibrandys.cz/clanek/2022-05-29-na-startu-kampane-jsme-resili-dulezita-temata
U≈æ na startu kampanƒõ jsme ≈ôe≈°ili d≈Øle≈æit√° t√©mata,https://web.archive.org/web/20230206031038im_/https://static.xx.fbcdn.net/images/emoji.php/v9/t97/2/16/33_20e3.png,3Ô∏è‚É£,,https://web.archive.org/web/20230321081229/https://www.piratibrandys.cz/clanek/2022-05-29-na-startu-kampane-jsme-resili-dulezita-temata
U≈æ na startu kampanƒõ jsme ≈ôe≈°ili d≈Øle≈æit√° t√©mata,https://web.archive.org/web/20230206031038im_/https://static.xx.fbcdn.net/images/emoji.php/v9/tb6/2/16/34_20e3.png,4Ô∏è‚É£,,https://web.archive.org/web/20230321081229/https://www.piratibrandys.cz/clanek/2022-05-29-na-startu-kampane-jsme-resili-dulezita-temata
U≈æ na startu kampanƒõ jsme ≈ôe≈°ili d≈Øle≈æit√° t√©mata,https://web.archive.org/web/20230206031038im_/https://static.xx.fbcdn.net/images/emoji.php/v9/td5/2/16/35_20e3.png,5Ô∏è‚É£,,https://web.archive.org/web/20230321081229/https://www.piratibrandys.cz/clanek/2022-05-29-na-startu-kampane-jsme-resili-dulezita-temata
U≈æ na startu kampanƒõ jsme ≈ôe≈°ili d≈Øle≈æit√° t√©mata,https://web.archive.org/web/20230206031038im_/https://static.xx.fbcdn.net/images/emoji.php/v9/t38/2/16/23f3.png,‚è≥,,https://web.archive.org/web/20230321081229/https://www.piratibrandys.cz/clanek/2022-05-29-na-startu-kampane-jsme-resili-dulezita-temata
U≈æ na startu kampanƒõ jsme ≈ôe≈°ili d≈Øle≈æit√° t√©mata,https://web.archive.org/web/20230206031038im_/https://static.xx.fbcdn.net/images/emoji.php/v9/tee/2/16/1f689.png,üöâ,,https://web.archive.org/web/20230321081229/https://www.piratibrandys.cz/clanek/2022-05-29-na-startu-kampane-jsme-resili-dulezita-temata
U≈æ na startu kampanƒõ jsme ≈ôe≈°ili d≈Øle≈æit√° t√©mata,https://web.archive.org/web/20230206031038im_/https://static.xx.fbcdn.net/images/emoji.php/v9/t16/2/16/1f3e1.png,üè°,,https://web.archive.org/web/20230321081229/https://www.piratibrandys.cz/clanek/2022-05-29-na-startu-kampane-jsme-resili-dulezita-temata
U≈æ na startu kampanƒõ jsme ≈ôe≈°ili d≈Øle≈æit√° t√©mata,https://web.archive.org/web/20230206031038im_/https://static.xx.fbcdn.net/images/emoji.php/v9/t62/2/16/1fa7a.png,ü©∫,,https://web.archive.org/web/20230321081229/https://www.piratibrandys.cz/clanek/2022-05-29-na-startu-kampane-jsme-resili-dulezita-temata
U≈æ na startu kampanƒõ jsme ≈ôe≈°ili d≈Øle≈æit√° t√©mata,https://web.archive.org/web/20230206031038im_/https://static.xx.fbcdn.net/images/emoji.php/v9/tb6/2/16/1f468_200d_1f3eb.png,üë®‚Äçüè´,,https://web.archive.org/web/20230321081229/https://www.piratibrandys.cz/clanek/2022-05-29-na-startu-kampane-jsme-resili-dulezita-temata
U≈æ na startu kampanƒõ jsme ≈ôe≈°ili d≈Øle≈æit√° t√©mata,https://web.archive.org/web/20230206031038im_/https://www.piratibrandys.cz/wp-content/uploads/2022/05/283786469_1028469521166580_8574405412919689959_n-765x1024.jpg,Marek ≈òeb√≠ƒçek v rozhovoru s Ivanem Barto≈°em,,https://web.archive.org/web/20230321081229/https://www.piratibrandys.cz/clanek/2022-05-29-na-startu-kampane-jsme-resili-dulezita-temata
U≈æ na startu kampanƒõ jsme ≈ôe≈°ili d≈Øle≈æit√° t√©mata,https://web.archive.org/web/20230206031038im_/https://www.piratibrandys.cz/wp-content/uploads/2022/05/283795454_419305089772906_5883917152230042949_n-765x1024.jpg,"Marie Kub√°ƒçov√°, Patrick Zandl a Ivan Barto≈° v rozhovoru se synem Bertramem. ",,https://web.archive.org/web/20230321081229/https://www.piratibrandys.cz/clanek/2022-05-29-na-startu-kampane-jsme-resili-dulezita-temata
U≈æ na startu kampanƒõ jsme ≈ôe≈°ili d≈Øle≈æit√° t√©mata,https://web.archive.org/web/20230206031038im_/https://www.piratibrandys.cz/wp-content/uploads/2022/05/285012971_10159112711609039_2892100555401297564_n-1024x682.jpg,Spoleƒçn√° fotka sen√°tn√≠ch a prim√°torsk√Ωch kandid√°t≈Ø.,,https://web.archive.org/web/20230321081229/https://www.piratibrandys.cz/clanek/2022-05-29-na-startu-kampane-jsme-resili-dulezita-temata
U≈æ na startu kampanƒõ jsme ≈ôe≈°ili d≈Øle≈æit√° t√©mata,https://web.archive.org/web/20230206031038im_/https://www.piratibrandys.cz/wp-content/uploads/2022/05/284918110_10159112711499039_5073993220243138786_n-1024x683.jpg,,,https://web.archive.org/web/20230321081229/https://www.piratibrandys.cz/clanek/2022-05-29-na-startu-kampane-jsme-resili-dulezita-temata
U≈æ na startu kampanƒõ jsme ≈ôe≈°ili d≈Øle≈æit√° t√©mata,https://web.archive.org/web/20230206031038im_/https://www.piratibrandys.cz/wp-content/uploads/2022/05/285005127_10159112711539039_3432761303970531857_n-1024x682.jpg,,,https://web.archive.org/web/20230321081229/https://www.piratibrandys.cz/clanek/2022-05-29-na-startu-kampane-jsme-resili-dulezita-temata
U≈æ na startu kampanƒõ jsme ≈ôe≈°ili d≈Øle≈æit√° t√©mata,https://web.archive.org/web/20230206031038im_/https://www.piratibrandys.cz/wp-content/uploads/2018/11/Snimek-obrazovky-2022-05-22-v-21.57.30-48x48.png,,,https://web.archive.org/web/20230321081229/https://www.piratibrandys.cz/clanek/2022-05-29-na-startu-kampane-jsme-resili-dulezita-temata
≈†kolsk√° z√°pisov√° turistika m√° ≈ôe≈°en√≠,https://web.archive.org/web/20221129021011im_/https://www.piratibrandys.cz/wp-content/uploads/2018/11/Snimek-obrazovky-2022-05-22-v-21.57.30-48x48.png,,,https://web.archive.org/web/20230321081229/https://www.piratibrandys.cz/clanek/2022-05-20-skolska-zapisova-turistika-ma-reseni
Spla≈°ky p≈ôednƒõj≈°√≠ ne≈æ dƒõti,https://web.archive.org/web/20220927041019im_/https://static.xx.fbcdn.net/images/emoji.php/v9/tad/1/16/1f632.png,üò≤,,https://web.archive.org/web/20230321081229/https://www.piratibrandys.cz/clanek/2022-05-16-splasky-prednejsi-nez-deti
Spla≈°ky p≈ôednƒõj≈°√≠ ne≈æ dƒõti,https://web.archive.org/web/20220927041019im_/https://static.xx.fbcdn.net/images/emoji.php/v9/t8d/1/16/1f621.png,üò°,,https://web.archive.org/web/20230321081229/https://www.piratibrandys.cz/clanek/2022-05-16-splasky-prednejsi-nez-deti
Spla≈°ky p≈ôednƒõj≈°√≠ ne≈æ dƒõti,https://web.archive.org/web/20220927041019im_/https://static.xx.fbcdn.net/images/emoji.php/v9/tf2/1/16/1f615.png,üòï,,https://web.archive.org/web/20230321081229/https://www.piratibrandys.cz/clanek/2022-05-16-splasky-prednejsi-nez-deti
Spla≈°ky p≈ôednƒõj≈°√≠ ne≈æ dƒõti,https://web.archive.org/web/20220927041019im_/https://static.xx.fbcdn.net/images/emoji.php/v9/t40/1/16/261d.png,‚òùÔ∏è,,https://web.archive.org/web/20230321081229/https://www.piratibrandys.cz/clanek/2022-05-16-splasky-prednejsi-nez-deti
Spla≈°ky p≈ôednƒõj≈°√≠ ne≈æ dƒõti,https://web.archive.org/web/20220927041019im_/https://www.piratibrandys.cz/wp-content/uploads/2018/11/Screenshot-2022-05-23-at-14.29.50-48x48.png,,,https://web.archive.org/web/20230321081229/https://www.piratibrandys.cz/clanek/2022-05-16-splasky-prednejsi-nez-deti
Je nov√° sportovn√≠ hala u Z≈† Palachova mrtv√°‚ÅâÔ∏è,https://web.archive.org/web/20221129014807im_/https://static.xx.fbcdn.net/images/emoji.php/v9/t2e/1/16/1f633.png,üò≥,,https://web.archive.org/web/20230321081229/https://www.piratibrandys.cz/clanek/2022-05-12-je-nova-sportovni-hala-u-zs-palachova-mrtva‚Åâ%EF%B8%8F
Je nov√° sportovn√≠ hala u Z≈† Palachova mrtv√°‚ÅâÔ∏è,https://web.archive.org/web/20221129014807im_/https://static.xx.fbcdn.net/images/emoji.php/v9/t8d/1/16/1f621.png,üò°,,https://web.archive.org/web/20230321081229/https://www.piratibrandys.cz/clanek/2022-05-12-je-nova-sportovni-hala-u-zs-palachova-mrtva‚Åâ%EF%B8%8F
Je nov√° sportovn√≠ hala u Z≈† Palachova mrtv√°‚ÅâÔ∏è,https://web.archive.org/web/20221129014807im_/https://static.xx.fbcdn.net/images/emoji.php/v9/t93/1/16/1f627.png,üòß,,https://web.archive.org/web/20230321081229/https://www.piratibrandys.cz/clanek/2022-05-12-je-nova-sportovni-hala-u-zs-palachova-mrtva‚Åâ%EF%B8%8F
Je nov√° sportovn√≠ hala u Z≈† Palachova mrtv√°‚ÅâÔ∏è,https://web.archive.org/web/20221129014807im_/https://static.xx.fbcdn.net/images/emoji.php/v9/tf5/1/16/1f937.png,ü§∑,,https://web.archive.org/web/20230321081229/https://www.piratibrandys.cz/clanek/2022-05-12-je-nova-sportovni-hala-u-zs-palachova-mrtva‚Åâ%EF%B8%8F
Je nov√° sportovn√≠ hala u Z≈† Palachova mrtv√°‚ÅâÔ∏è,https://web.archive.org/web/20221129014807im_/https://www.piratibrandys.cz/wp-content/uploads/2018/11/Screenshot-2022-05-23-at-14.29.50-48x48.png,,,https://web.archive.org/web/20230321081229/https://www.piratibrandys.cz/clanek/2022-05-12-je-nova-sportovni-hala-u-zs-palachova-mrtva‚Åâ%EF%B8%8F
Povolebn√≠ vyjedn√°v√°n√≠,https://web.archive.org/web/20221202055223im_/https://www.piratibrandys.cz/wp-content/uploads/2018/11/Snimek-obrazovky-2022-05-22-v-21.57.30-48x48.png,,,https://web.archive.org/web/20221202055223/https://www.piratibrandys.cz/clanek/2018-10-08-povolebni-vyjednavani
Hala a komunitn√≠ mƒõsto,https://web.archive.org/web/20221202071839im_/https://www.piratibrandys.cz/wp-content/uploads/2018/11/Snimek-obrazovky-2022-05-22-v-21.57.30-48x48.png,,,https://web.archive.org/web/20221202071839/https://www.piratibrandys.cz/clanek/2018-06-19-hala-komunitni-mesto
Vƒçely n√°m p≈ôin√°≈°√≠ radost,https://web.archive.org/web/20221202053006im_/https://pirativestanu.czami.cz/wp-content/uploads/2018/06/I72A3719-1024x683.jpg,,,https://web.archive.org/web/20221202053006/https://www.piratibrandys.cz/clanek/2018-06-19-vcely-nam-prinasi-radost
Vƒçely n√°m p≈ôin√°≈°√≠ radost,https://web.archive.org/web/20221202053006im_/https://piratibrandys.cz.fiona.otoman.cz/wp-content/uploads/2018/06/I72A3709.jpg,,,https://web.archive.org/web/20221202053006/https://www.piratibrandys.cz/clanek/2018-06-19-vcely-nam-prinasi-radost
Vƒçely n√°m p≈ôin√°≈°√≠ radost,https://web.archive.org/web/20221202053006im_/https://piratibrandys.cz.fiona.otoman.cz/wp-content/uploads/2018/06/I72A3740.jpg,,,https://web.archive.org/web/20221202053006/https://www.piratibrandys.cz/clanek/2018-06-19-vcely-nam-prinasi-radost
Vƒçely n√°m p≈ôin√°≈°√≠ radost,https://web.archive.org/web/20221202053006im_/https://www.piratibrandys.cz/wp-content/uploads/2018/11/Snimek-obrazovky-2022-05-22-v-21.57.30-48x48.png,,,https://web.archive.org/web/20221202053006/https://www.piratibrandys.cz/clanek/2018-06-19-vcely-nam-prinasi-radost
Mƒõstsk√° sportovn√≠ hala,https://web.archive.org/web/20221202061609im_/https://piratibrandys.cz.fiona.otoman.cz/wp-content/uploads/2018/06/tƒõlocviƒçna-3.Z≈†.jpg,,,https://web.archive.org/web/20221202061609/https://www.piratibrandys.cz/clanek/2018-06-20-mestska-sportovni-hala
Mƒõstsk√° sportovn√≠ hala,https://web.archive.org/web/20221202061609im_/https://piratibrandys.cz.fiona.otoman.cz/wp-content/uploads/2018/06/hala-interi√©r.jpg,,,https://web.archive.org/web/20221202061609/https://www.piratibrandys.cz/clanek/2018-06-20-mestska-sportovni-hala
Mƒõstsk√° sportovn√≠ hala,https://web.archive.org/web/20221202061609im_/https://www.piratibrandys.cz/wp-content/uploads/2018/11/Snimek-obrazovky-2022-05-22-v-21.57.30-48x48.png,,,https://web.archive.org/web/20221202061609/https://www.piratibrandys.cz/clanek/2018-06-20-mestska-sportovni-hala
Mƒõstsk√° sportovn√≠ hala jako srdce pl√°novan√Ωch mƒõstsk√Ωch sportovi≈°≈•,https://web.archive.org/web/20211019075800im_/https://pirativestanu.czami.cz/wp-content/uploads/2018/06/weigl-foto-150x150.jpg,,,https://web.archive.org/web/20211019075800/https://www.piratibrandys.cz/clanek/2018-06-20-mestska-sportovni-hala-jako-srdce-planovanych-mestskych-sportovist
Bikesharing ‚Äì po mƒõstƒõ na sd√≠len√Ωch kolech,https://web.archive.org/web/20221202060428im_/https://piratibrandys.cz.fiona.otoman.cz/wp-content/uploads/2018/06/2018-05-30-bikesharing.jpg,,,https://web.archive.org/web/20221202060428/https://www.piratibrandys.cz/clanek/2018-06-22-bikesharing-po-meste-na-sdilenych-kolech
Bikesharing ‚Äì po mƒõstƒõ na sd√≠len√Ωch kolech,https://web.archive.org/web/20221202060428im_/https://www.piratibrandys.cz/wp-content/uploads/2018/11/Snimek-obrazovky-2022-05-22-v-21.57.30-48x48.png,,,https://web.archive.org/web/20221202060428/https://www.piratibrandys.cz/clanek/2018-06-22-bikesharing-po-meste-na-sdilenych-kolech
Tak√© chcete jezdit tramvaj√≠ z Brand√Ωsa do Prahy?,https://web.archive.org/web/20221202053103im_/https://pirativestanu.czami.cz/wp-content/uploads/2018/06/2018-06-12-vlakotramvaj-brandys-1024x673.jpg,,,https://web.archive.org/web/20221202053103/https://www.piratibrandys.cz/clanek/2018-06-22-take-chcete-jezdit-tramvaji-z-brandysa-do-prahy
Tak√© chcete jezdit tramvaj√≠ z Brand√Ωsa do Prahy?,https://web.archive.org/web/20221202053103im_/https://piratibrandys.cz.fiona.otoman.cz/wp-content/uploads/2018/06/2018-06-12-trasa-tramvaje.png,,,https://web.archive.org/web/20221202053103/https://www.piratibrandys.cz/clanek/2018-06-22-take-chcete-jezdit-tramvaji-z-brandysa-do-prahy
Tak√© chcete jezdit tramvaj√≠ z Brand√Ωsa do Prahy?,https://web.archive.org/web/20221202053103im_/https://www.piratibrandys.cz/wp-content/uploads/2018/11/Snimek-obrazovky-2022-05-22-v-21.57.30-48x48.png,,,https://web.archive.org/web/20221202053103/https://www.piratibrandys.cz/clanek/2018-06-22-take-chcete-jezdit-tramvaji-z-brandysa-do-prahy
Participativn√≠ rozpoƒçet umo≈æn√≠ vylep≈°ovat mƒõsto o drobnosti,https://web.archive.org/web/20221202055923im_/https://www.piratibrandys.cz/wp-content/uploads/2018/11/Snimek-obrazovky-2022-05-22-v-21.57.30-48x48.png,,,https://web.archive.org/web/20221202055923/https://www.piratibrandys.cz/clanek/2018-07-03-participativni-rozpocet
Pot≈ôebujeme dal≈°√≠ doktory! Jak na to?,https://web.archive.org/web/20221202060708im_/https://pirativestanu.czami.cz/wp-content/uploads/2018/08/nemocnice-brandys-nahled-300x225.jpg,,,https://web.archive.org/web/20221202060708/https://www.piratibrandys.cz/clanek/2018-07-17-potrebujeme-dalsi-doktory-jak-na-to
Pot≈ôebujeme dal≈°√≠ doktory! Jak na to?,https://web.archive.org/web/20221202060708im_/https://pirativestanu.czami.cz/wp-content/uploads/2018/07/zdravotniÃÅ-peÃÅcÃåe3-300x169.jpg,"N√°vrh, jak by nemocnice mohla vypadat po rekonstrukci. Pl√°n z roku 2011 se ale dosud nerealizoval. ",,https://web.archive.org/web/20221202060708/https://www.piratibrandys.cz/clanek/2018-07-17-potrebujeme-dalsi-doktory-jak-na-to
Pot≈ôebujeme dal≈°√≠ doktory! Jak na to?,https://web.archive.org/web/20221202060708im_/https://www.piratibrandys.cz/wp-content/uploads/2018/11/Snimek-obrazovky-2022-05-22-v-21.57.30-48x48.png,,,https://web.archive.org/web/20221202060708/https://www.piratibrandys.cz/clanek/2018-07-17-potrebujeme-dalsi-doktory-jak-na-to
Na Prahu Vlakotramvaj√≠,https://web.archive.org/web/20221202070208im_/https://pirativestanu.czami.cz/wp-content/uploads/2018/08/vlakotramvaj-IMG_1271-300x300.jpg,,,https://web.archive.org/web/20221202070208/https://www.piratibrandys.cz/clanek/2018-08-03-na-prahu-vlakotramvaji
Na Prahu Vlakotramvaj√≠,https://web.archive.org/web/20221202070208im_/https://pirativestanu.czami.cz/wp-content/uploads/2018/08/mapa-trasy-vlakotramvaj-1024x870.png,,,https://web.archive.org/web/20221202070208/https://www.piratibrandys.cz/clanek/2018-08-03-na-prahu-vlakotramvaji
Na Prahu Vlakotramvaj√≠,https://web.archive.org/web/20221202070208im_/https://www.piratibrandys.cz/wp-content/uploads/2018/11/Snimek-obrazovky-2022-05-22-v-21.57.30-48x48.png,,,https://web.archive.org/web/20221202070208/https://www.piratibrandys.cz/clanek/2018-08-03-na-prahu-vlakotramvaji
Tramvaj ve Star√© Boleslavi: z√°zem√≠ pro akce i p≈ôipom√≠nka nutnosti spojen√≠ s Prahou,https://web.archive.org/web/20221202062523im_/https://www.piratibrandys.cz/wp-content/uploads/2018/11/Snimek-obrazovky-2022-05-22-v-21.57.30-48x48.png,,,https://web.archive.org/web/20221202062523/https://www.piratibrandys.cz/clanek/2018-08-03-tramvaj-ve-stare-boleslavi-zazemi-pro-akce-i-pripominka-nutnosti-spojeni-s-prahou
Report√°≈æ z p≈ô√≠jezdu tramvaje do Star√© Boleslavi,https://web.archive.org/web/20221202063815im_/https://static.xx.fbcdn.net/images/emoji.php/v9/f4c/1/16/1f642.png,,,https://web.archive.org/web/20221202063815/https://www.piratibrandys.cz/clanek/2018-08-04-reportaz-z-prijezdu-tramvaje-do-stare-boleslavi
Report√°≈æ z p≈ô√≠jezdu tramvaje do Star√© Boleslavi,https://web.archive.org/web/20221202063815im_/https://static.xx.fbcdn.net/images/emoji.php/v9/f4c/1/16/1f642.png,,,https://web.archive.org/web/20221202063815/https://www.piratibrandys.cz/clanek/2018-08-04-reportaz-z-prijezdu-tramvaje-do-stare-boleslavi
Report√°≈æ z p≈ô√≠jezdu tramvaje do Star√© Boleslavi,https://web.archive.org/web/20221202063815im_/https://www.piratibrandys.cz/wp-content/gallery/prijezd-vlakotramvaje/thumbs/thumbs_IMG_6107.jpg,IMG_6107,IMG_6107,https://web.archive.org/web/20221202063815/https://www.piratibrandys.cz/clanek/2018-08-04-reportaz-z-prijezdu-tramvaje-do-stare-boleslavi
Report√°≈æ z p≈ô√≠jezdu tramvaje do Star√© Boleslavi,https://web.archive.org/web/20221202063815im_/https://www.piratibrandys.cz/wp-content/gallery/prijezd-vlakotramvaje/thumbs/thumbs_IMG_6114.jpg,IMG_6114,IMG_6114,https://web.archive.org/web/20221202063815/https://www.piratibrandys.cz/clanek/2018-08-04-reportaz-z-prijezdu-tramvaje-do-stare-boleslavi
Report√°≈æ z p≈ô√≠jezdu tramvaje do Star√© Boleslavi,https://web.archive.org/web/20221202063815im_/https://www.piratibrandys.cz/wp-content/gallery/prijezd-vlakotramvaje/thumbs/thumbs_IMG_6249.jpg,IMG_6249,IMG_6249,https://web.archive.org/web/20221202063815/https://www.piratibrandys.cz/clanek/2018-08-04-reportaz-z-prijezdu-tramvaje-do-stare-boleslavi
Report√°≈æ z p≈ô√≠jezdu tramvaje do Star√© Boleslavi,https://web.archive.org/web/20221202063815im_/https://www.piratibrandys.cz/wp-content/gallery/prijezd-vlakotramvaje/thumbs/thumbs_IMG_6255.jpg,IMG_6255,IMG_6255,https://web.archive.org/web/20221202063815/https://www.piratibrandys.cz/clanek/2018-08-04-reportaz-z-prijezdu-tramvaje-do-stare-boleslavi
Report√°≈æ z p≈ô√≠jezdu tramvaje do Star√© Boleslavi,https://web.archive.org/web/20221202063815im_/https://www.piratibrandys.cz/wp-content/gallery/prijezd-vlakotramvaje/thumbs/thumbs_IMG_6218.jpg,IMG_6218,IMG_6218,https://web.archive.org/web/20221202063815/https://www.piratibrandys.cz/clanek/2018-08-04-reportaz-z-prijezdu-tramvaje-do-stare-boleslavi
Report√°≈æ z p≈ô√≠jezdu tramvaje do Star√© Boleslavi,https://web.archive.org/web/20221202063815im_/https://www.piratibrandys.cz/wp-content/gallery/prijezd-vlakotramvaje/thumbs/thumbs_IMG_6224.jpg,IMG_6224,IMG_6224,https://web.archive.org/web/20221202063815/https://www.piratibrandys.cz/clanek/2018-08-04-reportaz-z-prijezdu-tramvaje-do-stare-boleslavi
Report√°≈æ z p≈ô√≠jezdu tramvaje do Star√© Boleslavi,https://web.archive.org/web/20221202063815im_/https://www.piratibrandys.cz/wp-content/gallery/prijezd-vlakotramvaje/thumbs/thumbs_IMG_6231.jpg,IMG_6231,IMG_6231,https://web.archive.org/web/20221202063815/https://www.piratibrandys.cz/clanek/2018-08-04-reportaz-z-prijezdu-tramvaje-do-stare-boleslavi
Report√°≈æ z p≈ô√≠jezdu tramvaje do Star√© Boleslavi,https://web.archive.org/web/20221202063815im_/https://www.piratibrandys.cz/wp-content/gallery/prijezd-vlakotramvaje/thumbs/thumbs_IMG_6237.jpg,IMG_6237,IMG_6237,https://web.archive.org/web/20221202063815/https://www.piratibrandys.cz/clanek/2018-08-04-reportaz-z-prijezdu-tramvaje-do-stare-boleslavi
Report√°≈æ z p≈ô√≠jezdu tramvaje do Star√© Boleslavi,https://web.archive.org/web/20221202063815im_/https://www.piratibrandys.cz/wp-content/gallery/prijezd-vlakotramvaje/thumbs/thumbs_IMG_6193.jpg,IMG_6193,IMG_6193,https://web.archive.org/web/20221202063815/https://www.piratibrandys.cz/clanek/2018-08-04-reportaz-z-prijezdu-tramvaje-do-stare-boleslavi
Report√°≈æ z p≈ô√≠jezdu tramvaje do Star√© Boleslavi,https://web.archive.org/web/20221202063815im_/https://www.piratibrandys.cz/wp-content/gallery/prijezd-vlakotramvaje/thumbs/thumbs_IMG_6201.jpg,IMG_6201,IMG_6201,https://web.archive.org/web/20221202063815/https://www.piratibrandys.cz/clanek/2018-08-04-reportaz-z-prijezdu-tramvaje-do-stare-boleslavi
Report√°≈æ z p≈ô√≠jezdu tramvaje do Star√© Boleslavi,https://web.archive.org/web/20221202063815im_/https://www.piratibrandys.cz/wp-content/gallery/prijezd-vlakotramvaje/thumbs/thumbs_IMG_6155-2.jpg,IMG_6155-2,IMG_6155-2,https://web.archive.org/web/20221202063815/https://www.piratibrandys.cz/clanek/2018-08-04-reportaz-z-prijezdu-tramvaje-do-stare-boleslavi
Report√°≈æ z p≈ô√≠jezdu tramvaje do Star√© Boleslavi,https://web.archive.org/web/20221202063815im_/https://www.piratibrandys.cz/wp-content/gallery/prijezd-vlakotramvaje/thumbs/thumbs_IMG_6155.jpg,IMG_6155,IMG_6155,https://web.archive.org/web/20221202063815/https://www.piratibrandys.cz/clanek/2018-08-04-reportaz-z-prijezdu-tramvaje-do-stare-boleslavi
Report√°≈æ z p≈ô√≠jezdu tramvaje do Star√© Boleslavi,https://web.archive.org/web/20221202063815im_/https://www.piratibrandys.cz/wp-content/gallery/prijezd-vlakotramvaje/thumbs/thumbs_IMG_6162.jpg,IMG_6162,IMG_6162,https://web.archive.org/web/20221202063815/https://www.piratibrandys.cz/clanek/2018-08-04-reportaz-z-prijezdu-tramvaje-do-stare-boleslavi
Report√°≈æ z p≈ô√≠jezdu tramvaje do Star√© Boleslavi,https://web.archive.org/web/20221202063815im_/https://www.piratibrandys.cz/wp-content/gallery/prijezd-vlakotramvaje/thumbs/thumbs_IMG_6166.jpg,IMG_6166,IMG_6166,https://web.archive.org/web/20221202063815/https://www.piratibrandys.cz/clanek/2018-08-04-reportaz-z-prijezdu-tramvaje-do-stare-boleslavi
Report√°≈æ z p≈ô√≠jezdu tramvaje do Star√© Boleslavi,https://web.archive.org/web/20221202063815im_/https://www.piratibrandys.cz/wp-content/gallery/prijezd-vlakotramvaje/thumbs/thumbs_IMG_6127.jpg,IMG_6127,IMG_6127,https://web.archive.org/web/20221202063815/https://www.piratibrandys.cz/clanek/2018-08-04-reportaz-z-prijezdu-tramvaje-do-stare-boleslavi
Report√°≈æ z p≈ô√≠jezdu tramvaje do Star√© Boleslavi,https://web.archive.org/web/20221202063815im_/https://www.piratibrandys.cz/wp-content/gallery/prijezd-vlakotramvaje/thumbs/thumbs_IMG_6137.jpg,IMG_6137,IMG_6137,https://web.archive.org/web/20221202063815/https://www.piratibrandys.cz/clanek/2018-08-04-reportaz-z-prijezdu-tramvaje-do-stare-boleslavi
Report√°≈æ z p≈ô√≠jezdu tramvaje do Star√© Boleslavi,https://web.archive.org/web/20221202063815im_/https://www.piratibrandys.cz/wp-content/gallery/prijezd-vlakotramvaje/thumbs/thumbs_IMG_6149.jpg,IMG_6149,IMG_6149,https://web.archive.org/web/20221202063815/https://www.piratibrandys.cz/clanek/2018-08-04-reportaz-z-prijezdu-tramvaje-do-stare-boleslavi
Report√°≈æ z p≈ô√≠jezdu tramvaje do Star√© Boleslavi,https://web.archive.org/web/20221202063815im_/https://www.piratibrandys.cz/wp-content/gallery/prijezd-vlakotramvaje/thumbs/thumbs_IMG_6134.jpg,IMG_6134,IMG_6134,https://web.archive.org/web/20221202063815/https://www.piratibrandys.cz/clanek/2018-08-04-reportaz-z-prijezdu-tramvaje-do-stare-boleslavi
Report√°≈æ z p≈ô√≠jezdu tramvaje do Star√© Boleslavi,https://web.archive.org/web/20221202063815im_/https://www.piratibrandys.cz/wp-content/uploads/2018/11/Snimek-obrazovky-2022-05-22-v-21.57.30-48x48.png,,,https://web.archive.org/web/20221202063815/https://www.piratibrandys.cz/clanek/2018-08-04-reportaz-z-prijezdu-tramvaje-do-stare-boleslavi
Bezpeƒçnost ve mƒõstƒõ nelze znovu zvojtit,https://web.archive.org/web/20230327202844im_/https://piratibrandys.cz.fiona.otoman.cz/wp-content/uploads/2018/08/SniÃÅmek-obrazovky-2018-08-14-v-12.53.50.png,,,https://web.archive.org/web/20230327202844/https://www.piratibrandys.cz/clanek/2018-08-13-bezpecnost-ve-meste-nelze-znovu-zvojtit
Bezpeƒçnost ve mƒõstƒõ nelze znovu zvojtit,https://web.archive.org/web/20230327202844im_/https://www.piratibrandys.cz/wp-content/uploads/2018/08/bezpecnost-mp-maly-300x200.jpg,,,https://web.archive.org/web/20230327202844/https://www.piratibrandys.cz/clanek/2018-08-13-bezpecnost-ve-meste-nelze-znovu-zvojtit
Bezpeƒçnost ve mƒõstƒõ nelze znovu zvojtit,https://web.archive.org/web/20230327202844im_/https://www.piratibrandys.cz/wp-content/uploads/2018/08/bezpecnost-ostruvek-maly-225x300.jpg,,,https://web.archive.org/web/20230327202844/https://www.piratibrandys.cz/clanek/2018-08-13-bezpecnost-ve-meste-nelze-znovu-zvojtit
Bezpeƒçnost ve mƒõstƒõ nelze znovu zvojtit,https://web.archive.org/web/20230327202844im_/https://www.piratibrandys.cz/wp-content/uploads/2018/11/Screenshot-2022-05-23-at-14.29.50-48x48.png,,,https://web.archive.org/web/20230327202844/https://www.piratibrandys.cz/clanek/2018-08-13-bezpecnost-ve-meste-nelze-znovu-zvojtit
Je vlakotramvaj ≈ôe≈°en√≠ nebo chim√©ra ‚Äì aneb o dopravƒõ ven z mƒõsta,https://web.archive.org/web/20230321085153im_/https://piratibrandys.cz.fiona.otoman.cz/wp-content/uploads/2018/08/39389178_10217092622489190_633431504915005440_o-1024x709.jpg,,,https://web.archive.org/web/20230321085153/https://www.piratibrandys.cz/clanek/2018-08-20-je-vlakotramvaj-reseni-nebo-chimera-aneb-o-doprave-ven-z-mesta
Je vlakotramvaj ≈ôe≈°en√≠ nebo chim√©ra ‚Äì aneb o dopravƒõ ven z mƒõsta,https://web.archive.org/web/20230321085153im_/https://piratibrandys.cz.fiona.otoman.cz/wp-content/uploads/2018/08/podpisy-memorandum.png,,,https://web.archive.org/web/20230321085153/https://www.piratibrandys.cz/clanek/2018-08-20-je-vlakotramvaj-reseni-nebo-chimera-aneb-o-doprave-ven-z-mesta
Je vlakotramvaj ≈ôe≈°en√≠ nebo chim√©ra ‚Äì aneb o dopravƒõ ven z mƒõsta,https://web.archive.org/web/20230321085153im_/https://piratibrandys.cz.fiona.otoman.cz/wp-content/uploads/2018/08/mapa-trasy-vlakotramvaj-1024x870.png,,,https://web.archive.org/web/20230321085153/https://www.piratibrandys.cz/clanek/2018-08-20-je-vlakotramvaj-reseni-nebo-chimera-aneb-o-doprave-ven-z-mesta
Je vlakotramvaj ≈ôe≈°en√≠ nebo chim√©ra ‚Äì aneb o dopravƒõ ven z mƒõsta,https://web.archive.org/web/20230321085153im_/https://www.piratibrandys.cz/wp-content/uploads/2018/11/Snimek-obrazovky-2022-05-22-v-21.57.30-48x48.png,,,https://web.archive.org/web/20230321085153/https://www.piratibrandys.cz/clanek/2018-08-20-je-vlakotramvaj-reseni-nebo-chimera-aneb-o-doprave-ven-z-mesta
Velk√Ω t≈ôesk ‚Äì jak opravit silnice a chodn√≠ky v Brand√Ωse a Boleslavi,https://web.archive.org/web/20230327195514im_/https://piratibrandys.cz.fiona.otoman.cz/wp-content/uploads/2018/08/rozbite-silnice.png,,,https://web.archive.org/web/20230327195514/https://www.piratibrandys.cz/clanek/2018-08-27-velky-ulicni-tresk-jak-opravit-silnice-a-chodniky-v-brandyse
Velk√Ω t≈ôesk ‚Äì jak opravit silnice a chodn√≠ky v Brand√Ωse a Boleslavi,https://web.archive.org/web/20230327195514im_/https://www.piratibrandys.cz/wp-content/uploads/2018/11/Snimek-obrazovky-2022-05-22-v-21.57.30-48x48.png,,,https://web.archive.org/web/20230327195514/https://www.piratibrandys.cz/clanek/2018-08-27-velky-ulicni-tresk-jak-opravit-silnice-a-chodniky-v-brandyse
Zodpovƒõdn√Ω p≈ô√≠stup k ekologii v  p≈ô√≠kladech: mƒõstsk√© vratn√© kel√≠mky,https://web.archive.org/web/20221202053950im_/https://piratibrandys.cz.fiona.otoman.cz/wp-content/uploads/2018/08/40078978_2382260181814265_6949373014685253632_n1-300x225.jpg,,,https://web.archive.org/web/20221202053950/https://www.piratibrandys.cz/clanek/2018-08-27-zodpovedny-pristup-k-ekologii-v-prikladech-mestske-vratne-kelimky
Zodpovƒõdn√Ω p≈ô√≠stup k ekologii v  p≈ô√≠kladech: mƒõstsk√© vratn√© kel√≠mky,https://web.archive.org/web/20221202053950im_/https://piratibrandys.cz.fiona.otoman.cz/wp-content/uploads/2018/08/25299654_170795926988584_7240553404794027502_o-300x225.jpg,,,https://web.archive.org/web/20221202053950/https://www.piratibrandys.cz/clanek/2018-08-27-zodpovedny-pristup-k-ekologii-v-prikladech-mestske-vratne-kelimky
Zodpovƒõdn√Ω p≈ô√≠stup k ekologii v  p≈ô√≠kladech: mƒõstsk√© vratn√© kel√≠mky,https://web.archive.org/web/20221202053950im_/https://piratibrandys.cz.fiona.otoman.cz/wp-content/uploads/2018/08/40075822_10204855060373269_7108506586703724544_n-300x225.jpg,,,https://web.archive.org/web/20221202053950/https://www.piratibrandys.cz/clanek/2018-08-27-zodpovedny-pristup-k-ekologii-v-prikladech-mestske-vratne-kelimky
Zodpovƒõdn√Ω p≈ô√≠stup k ekologii v  p≈ô√≠kladech: mƒõstsk√© vratn√© kel√≠mky,https://web.archive.org/web/20221202053950im_/https://www.piratibrandys.cz/wp-content/uploads/2018/11/Screenshot-2022-05-23-at-14.29.50-48x48.png,,,https://web.archive.org/web/20221202053950/https://www.piratibrandys.cz/clanek/2018-08-27-zodpovedny-pristup-k-ekologii-v-prikladech-mestske-vratne-kelimky
Mƒõstsk√© letn√≠ koupali≈°tƒõ? V nejbli≈æ≈°√≠ch letech na nƒõj bez mimo≈ô√°dn√Ωch p≈ô√≠jm≈Ø nem√°me,https://web.archive.org/web/20230321083448im_/https://piratibrandys.cz.fiona.otoman.cz/wp-content/uploads/2018/09/40584438_2394178843955732_4579701220880416768_n-300x200.jpg,,,https://web.archive.org/web/20230321083448/https://www.piratibrandys.cz/clanek/2018-09-06-mestske-letni-koupaliste-v-nejblizsich-letech-na-nej-bez-mimoradnych-prijmu-nemame
Mƒõstsk√© letn√≠ koupali≈°tƒõ? V nejbli≈æ≈°√≠ch letech na nƒõj bez mimo≈ô√°dn√Ωch p≈ô√≠jm≈Ø nem√°me,https://web.archive.org/web/20230321083448im_/https://www.piratibrandys.cz/wp-content/uploads/2018/11/Screenshot-2022-05-23-at-14.29.50-48x48.png,,,https://web.archive.org/web/20230321083448/https://www.piratibrandys.cz/clanek/2018-09-06-mestske-letni-koupaliste-v-nejblizsich-letech-na-nej-bez-mimoradnych-prijmu-nemame
Jak si p≈ôedstavujeme Brand√Ωs ‚Äì Boleslav v roce 2040?,https://web.archive.org/web/20221202055351im_/https://piratibrandys.cz.fiona.otoman.cz/wp-content/uploads/2018/09/mapa-brandys-2040.png,,,https://web.archive.org/web/20221202055351/https://www.piratibrandys.cz/clanek/2018-09-25-jak-si-predstavujeme-brandys-boleslav-v-roce-2040
Jak si p≈ôedstavujeme Brand√Ωs ‚Äì Boleslav v roce 2040?,https://web.archive.org/web/20221202055351im_/https://www.piratibrandys.cz/wp-content/uploads/2018/09/ivan5-150x150.jpg,,,https://web.archive.org/web/20221202055351/https://www.piratibrandys.cz/clanek/2018-09-25-jak-si-predstavujeme-brandys-boleslav-v-roce-2040
Jak si p≈ôedstavujeme Brand√Ωs ‚Äì Boleslav v roce 2040?,https://web.archive.org/web/20221202055351im_/https://www.piratibrandys.cz/wp-content/uploads/2018/09/ivan4-150x150.jpg,,,https://web.archive.org/web/20221202055351/https://www.piratibrandys.cz/clanek/2018-09-25-jak-si-predstavujeme-brandys-boleslav-v-roce-2040
Jak si p≈ôedstavujeme Brand√Ωs ‚Äì Boleslav v roce 2040?,https://web.archive.org/web/20221202055351im_/https://www.piratibrandys.cz/wp-content/uploads/2018/09/ivan3-150x150.jpg,,,https://web.archive.org/web/20221202055351/https://www.piratibrandys.cz/clanek/2018-09-25-jak-si-predstavujeme-brandys-boleslav-v-roce-2040
Jak si p≈ôedstavujeme Brand√Ωs ‚Äì Boleslav v roce 2040?,https://web.archive.org/web/20221202055351im_/https://www.piratibrandys.cz/wp-content/uploads/2018/09/ivan2-150x150.jpg,,,https://web.archive.org/web/20221202055351/https://www.piratibrandys.cz/clanek/2018-09-25-jak-si-predstavujeme-brandys-boleslav-v-roce-2040
Jak si p≈ôedstavujeme Brand√Ωs ‚Äì Boleslav v roce 2040?,https://web.archive.org/web/20221202055351im_/https://www.piratibrandys.cz/wp-content/uploads/2018/09/ivan1-1-150x150.jpg,,,https://web.archive.org/web/20221202055351/https://www.piratibrandys.cz/clanek/2018-09-25-jak-si-predstavujeme-brandys-boleslav-v-roce-2040
Jak si p≈ôedstavujeme Brand√Ωs ‚Äì Boleslav v roce 2040?,https://web.archive.org/web/20221202055351im_/https://www.piratibrandys.cz/wp-content/uploads/2018/11/Snimek-obrazovky-2022-05-22-v-21.57.30-48x48.png,,,https://web.archive.org/web/20221202055351/https://www.piratibrandys.cz/clanek/2018-09-25-jak-si-predstavujeme-brandys-boleslav-v-roce-2040
Na≈°e mƒõsto nevzkv√©t√°. Jak to?,https://web.archive.org/web/20211019074557im_/https://piratibrandys.cz.fiona.otoman.cz/wp-content/uploads/2018/11/42857081_2446370665403216_8738361175621763072_o-1024x725.jpg,,,https://web.archive.org/web/20211019074557/https://www.piratibrandys.cz/clanek/2018-10-01-nase-mesto-nevzkveta-jak-to
Na≈°e mƒõsto nevzkv√©t√°. Jak to?,https://web.archive.org/web/20211019074557im_/https://piratibrandys.cz.fiona.otoman.cz/wp-content/uploads/2018/11/42925980_2446370588736557_1690738138340655104_o-1024x725.jpg,,,https://web.archive.org/web/20211019074557/https://www.piratibrandys.cz/clanek/2018-10-01-nase-mesto-nevzkveta-jak-to
Jak dopadly volby do mƒõstsk√©ho zastupitelstva 2018?,https://web.archive.org/web/20221202071407im_/https://www.piratibrandys.cz/wp-content/uploads/2018/11/Snimek-obrazovky-2022-05-22-v-21.57.30-48x48.png,,,https://web.archive.org/web/20221202071407/https://www.piratibrandys.cz/clanek/2018-10-07-jak-dopadly-volby-do-mestskeho-zastupitelstva-2018
Povolebn√≠ vyjedn√°v√°n√≠,https://web.archive.org/web/20221202055223im_/https://www.piratibrandys.cz/wp-content/uploads/2018/11/Snimek-obrazovky-2022-05-22-v-21.57.30-48x48.png,,,https://web.archive.org/web/20221202055223/https://www.piratibrandys.cz/clanek/2018-10-08-povolebni-vyjednavani
Na≈°e dvojmƒõst√≠ z≈Øst√°v√° na podpo≈ôe,https://web.archive.org/web/20211019075133im_/https://static.xx.fbcdn.net/images/emoji.php/v9/f4c/1/16/1f642.png,,,https://web.archive.org/web/20211019075133/https://www.piratibrandys.cz/clanek/2018-10-12-nase-dvojmesti-zustava-na-podpore
Novinky ve v√Ωstavbƒõ? D≈Øm ƒç. 98 a Zahradn√≠ mƒõsto II.,https://web.archive.org/web/20221202072841im_/https://piratibrandys.cz.fiona.otoman.cz/wp-content/uploads/2018/11/2018-10-19-zahradnimesto.jpg,,,https://web.archive.org/web/20221202072841/https://www.piratibrandys.cz/clanek/2018-10-17-novinky-ve-vystavbe-dum-c-98-a-zahradni-mesto-ii
Novinky ve v√Ωstavbƒõ? D≈Øm ƒç. 98 a Zahradn√≠ mƒõsto II.,https://web.archive.org/web/20221202072841im_/https://www.piratibrandys.cz/wp-content/uploads/2018/11/Screenshot-2022-05-23-at-14.29.50-48x48.png,,,https://web.archive.org/web/20221202072841/https://www.piratibrandys.cz/clanek/2018-10-17-novinky-ve-vystavbe-dum-c-98-a-zahradni-mesto-ii
"Kamion a stodola ho≈ô√≠, Brand√Ωs kolabuje",https://web.archive.org/web/20230327201634im_/https://www.piratibrandys.cz/wp-content/uploads/2018/11/Snimek-obrazovky-2022-05-22-v-21.57.30-48x48.png,,,https://web.archive.org/web/20230327201634/https://www.piratibrandys.cz/clanek/2018-10-24-kamion-a-stodola-hori-brandys-kolabuje
Proƒç Na≈°e Dvojmƒõst√≠ nƒõchtƒõlo podpo≈ôit vlastn√≠ho leadra Petra Kv√°ƒçu,https://web.archive.org/web/20221202065140im_/https://www.piratibrandys.cz/wp-content/uploads/2018/11/Snimek-obrazovky-2022-05-22-v-21.57.30-48x48.png,,,https://web.archive.org/web/20221202065140/https://www.piratibrandys.cz/clanek/2018-11-02-proc-nase-dvojmesti-nechtelo-podporit-vlastniho-leadra-petra-kvacu
P≈ô√≠li≈° mnoho hem≈æen√≠ kolem mƒõstsk√©ho majetku a BBM,https://web.archive.org/web/20221202061140im_/https://www.piratibrandys.cz/wp-content/uploads/2018/11/Snimek-obrazovky-2022-05-22-v-21.57.30-48x48.png,,,https://web.archive.org/web/20221202061140/https://www.piratibrandys.cz/clanek/2018-11-22-prilis-mnoho-hemzeni-kolem-mestskeho-majetku-a-bbm
M√°me p≈ô√≠stup k materi√°l≈Øm projedn√°van√Ωm Radou mƒõsta,https://web.archive.org/web/20221202055522im_/https://www.piratibrandys.cz/wp-content/uploads/2018/11/Snimek-obrazovky-2022-05-22-v-21.57.30-48x48.png,,,https://web.archive.org/web/20221202055522/https://www.piratibrandys.cz/clanek/2018-12-05-mame-pristup-k-materialum-projednavanym-radou-mesta
Novinky z prosincov√© sch≈Øzky Pir√°t≈Ø,https://web.archive.org/web/20211019080234im_/https://static.xx.fbcdn.net/images/emoji.php/v9/t4c/1/16/1f642.png,,,https://web.archive.org/web/20211019080234/https://www.piratibrandys.cz/clanek/2018-12-08-novinky-z-prosincove-schuzky-piratu
Co se v Brand√Ωse-Boleslavi zaƒçne stavƒõt v roce 2019,https://web.archive.org/web/20221202064133im_/https://www.piratibrandys.cz/wp-content/uploads/2018/12/Sn√≠mek-obrazovky-2018-12-11-v-9.09.45.png,,,https://web.archive.org/web/20221202064133/https://www.piratibrandys.cz/clanek/2018-12-11-co-se-v-brandyse-boleslavi-zacne-stavet-v-roce-2019
Co se v Brand√Ωse-Boleslavi zaƒçne stavƒõt v roce 2019,https://web.archive.org/web/20221202064133im_/https://www.piratibrandys.cz/wp-content/uploads/2018/11/Snimek-obrazovky-2022-05-22-v-21.57.30-48x48.png,,,https://web.archive.org/web/20221202064133/https://www.piratibrandys.cz/clanek/2018-12-11-co-se-v-brandyse-boleslavi-zacne-stavet-v-roce-2019
O ƒçem se bude jednat na prosincov√©m zastupitelstvu,https://web.archive.org/web/20221202051935im_/https://www.piratibrandys.cz/wp-content/uploads/2018/11/Screenshot-2022-05-23-at-14.29.50-48x48.png,,,https://web.archive.org/web/20221202051935/https://www.piratibrandys.cz/clanek/2018-12-17-o-cem-se-bude-jednat-na-prosincovem-zastupitelstvu
"Ze zastupitelstva: Lidl pro Boleslav, prodej domu 98, parkovac√≠ d≈Øm i topen√≠ na s√≠dli≈°ti",https://web.archive.org/web/20230206032522im_/https://www.piratibrandys.cz/wp-content/uploads/2018/11/Snimek-obrazovky-2022-05-22-v-21.57.30-48x48.png,,,https://web.archive.org/web/20230206032522/https://www.piratibrandys.cz/clanek/2018-12-20-ze-zastupitelstva-lidl-pro-boleslav-prodej-domu-98-parkovaci-dum-i-topeni-na-sidlisti
Protlaƒçili jsme zastupitelstvem bezbolestn√Ω n√°vrh financov√°n√≠ topen√≠,https://web.archive.org/web/20221202064446im_/https://www.piratibrandys.cz/wp-content/uploads/2018/11/Snimek-obrazovky-2022-05-22-v-21.57.30-48x48.png,,,https://web.archive.org/web/20221202064446/https://www.piratibrandys.cz/clanek/2018-12-21-protlacili-jsme-zastupitelstvem-bezbolestny-navrh-financovani-topeni
St≈ôet z√°jm≈Ø radn√≠ Milu≈°e Zahr√°dkov√©,https://web.archive.org/web/20221202053704im_/https://www.piratibrandys.cz/wp-content/uploads/2019/01/49730831_2643928945647386_2263347812513087488_n.jpg,,,https://web.archive.org/web/20221202053704/https://www.piratibrandys.cz/clanek/2019-01-06-stret-zajmu-radni-miluse-zahradkove
St≈ôet z√°jm≈Ø radn√≠ Milu≈°e Zahr√°dkov√©,https://web.archive.org/web/20221202053704im_/https://www.piratibrandys.cz/wp-content/uploads/2019/01/49835390_2643930952313852_5588033132503760896_o-1-1024x482.png,,,https://web.archive.org/web/20221202053704/https://www.piratibrandys.cz/clanek/2019-01-06-stret-zajmu-radni-miluse-zahradkove
St≈ôet z√°jm≈Ø radn√≠ Milu≈°e Zahr√°dkov√©,https://web.archive.org/web/20221202053704im_/https://www.piratibrandys.cz/wp-content/uploads/2019/01/49464953_2643931572313790_7195499207958986752_o-724x1024.jpg,,,https://web.archive.org/web/20221202053704/https://www.piratibrandys.cz/clanek/2019-01-06-stret-zajmu-radni-miluse-zahradkove
St≈ôet z√°jm≈Ø radn√≠ Milu≈°e Zahr√°dkov√©,https://web.archive.org/web/20221202053704im_/https://www.piratibrandys.cz/wp-content/uploads/2019/01/49629727_2643931795647101_1744786900146716672_o-724x1024.jpg,,,https://web.archive.org/web/20221202053704/https://www.piratibrandys.cz/clanek/2019-01-06-stret-zajmu-radni-miluse-zahradkove
St≈ôet z√°jm≈Ø radn√≠ Milu≈°e Zahr√°dkov√©,https://web.archive.org/web/20221202053704im_/https://www.piratibrandys.cz/wp-content/uploads/2018/11/Screenshot-2022-05-23-at-14.29.50-48x48.png,,,https://web.archive.org/web/20221202053704/https://www.piratibrandys.cz/clanek/2019-01-06-stret-zajmu-radni-miluse-zahradkove
Chystan√© zmƒõny v parkov√°n√≠,https://web.archive.org/web/20230206040400im_/https://www.piratibrandys.cz/wp-content/uploads/2018/11/Snimek-obrazovky-2022-05-22-v-21.57.30-48x48.png,,,https://web.archive.org/web/20230206040400/https://www.piratibrandys.cz/clanek/2019-02-06-chystane-zmeny-v-parkovani
Ve≈ôejn√© zak√°zky a st≈ôet z√°jm≈Ø,https://web.archive.org/web/20221202062603im_/https://www.piratibrandys.cz/wp-content/uploads/2019/02/SniÃÅmek-obrazovky-2019-02-06-v-21.54.40-1024x566.png,,,https://web.archive.org/web/20221202062603/https://www.piratibrandys.cz/clanek/2019-02-08-verejne-zakazky-a-stret-zajmu
Ve≈ôejn√© zak√°zky a st≈ôet z√°jm≈Ø,https://web.archive.org/web/20221202062603im_/https://www.piratibrandys.cz/wp-content/uploads/2019/02/SniÃÅmek-obrazovky-2019-02-07-v-10.17.43-1024x545.png,,,https://web.archive.org/web/20221202062603/https://www.piratibrandys.cz/clanek/2019-02-08-verejne-zakazky-a-stret-zajmu
Ve≈ôejn√© zak√°zky a st≈ôet z√°jm≈Ø,https://web.archive.org/web/20221202062603im_/https://www.piratibrandys.cz/wp-content/uploads/2018/11/Screenshot-2022-05-23-at-14.29.50-48x48.png,,,https://web.archive.org/web/20221202062603/https://www.piratibrandys.cz/clanek/2019-02-08-verejne-zakazky-a-stret-zajmu
Zal√°tan√Ω ≈æelezniƒçn√≠ p≈ôejezd na Z√°psk√©,https://web.archive.org/web/20221202060153im_/https://www.piratibrandys.cz/wp-content/uploads/2018/11/Snimek-obrazovky-2022-05-22-v-21.57.30-48x48.png,,,https://web.archive.org/web/20221202060153/https://www.piratibrandys.cz/clanek/2019-02-23-zalatany-zeleznicni-prejezd-na-zapske
Tƒõ≈æba p√≠sku U jatek se vrac√≠ ‚Äì a co bude d√°l?,https://web.archive.org/web/20221202055048im_/https://www.piratibrandys.cz/wp-content/uploads/2018/11/Snimek-obrazovky-2022-05-22-v-21.57.30-48x48.png,,,https://web.archive.org/web/20221202055048/https://www.piratibrandys.cz/clanek/2019-02-25-tezba-pisku-u-jatek-se-vraci-a-co-bude-dal
Zv√Ω≈°eni cen vody? Maj√≠ novou ƒçistiƒçku zaplatit develope≈ôi nebo obyvatel√©?,https://web.archive.org/web/20221202072543im_/https://www.piratibrandys.cz/wp-content/uploads/2018/11/Screenshot-2022-05-23-at-14.29.50-48x48.png,,,https://web.archive.org/web/20221202072543/https://www.piratibrandys.cz/clanek/2019-03-11-zvyseni-cen-vody-maji-novou-cisticku-zaplatit-developeri-nebo-obyvatele
O skateparku a chc√≠pl√©m psovi,https://web.archive.org/web/20221202051818im_/https://www.piratibrandys.cz/wp-content/uploads/2019/03/52813705_1153694094793263_8340653088117358592_o-1024x683.jpg,,,https://web.archive.org/web/20221202051818/https://www.piratibrandys.cz/clanek/2019-03-30-o-skateparku-a-chciplem-psovi
O skateparku a chc√≠pl√©m psovi,https://web.archive.org/web/20221202051818im_/https://www.piratibrandys.cz/wp-content/uploads/2019/03/5d1D3KmTams1bKdSUsaUg-e1553983566596-1024x768.jpg,,,https://web.archive.org/web/20221202051818/https://www.piratibrandys.cz/clanek/2019-03-30-o-skateparku-a-chciplem-psovi
O skateparku a chc√≠pl√©m psovi,https://web.archive.org/web/20221202051818im_/https://www.piratibrandys.cz/wp-content/uploads/2019/03/2PPxIHqXR2O7n2UTiC1K8g-e1553983765543-1024x768.jpg,,,https://web.archive.org/web/20221202051818/https://www.piratibrandys.cz/clanek/2019-03-30-o-skateparku-a-chciplem-psovi
O skateparku a chc√≠pl√©m psovi,https://web.archive.org/web/20221202051818im_/https://www.piratibrandys.cz/wp-content/uploads/2019/03/55704726_2509556639075309_6587114260097138688_o-1024x664.jpg,,,https://web.archive.org/web/20221202051818/https://www.piratibrandys.cz/clanek/2019-03-30-o-skateparku-a-chciplem-psovi
O skateparku a chc√≠pl√©m psovi,https://web.archive.org/web/20221202051818im_/https://www.piratibrandys.cz/wp-content/uploads/2018/11/Snimek-obrazovky-2022-05-22-v-21.57.30-48x48.png,,,https://web.archive.org/web/20221202051818/https://www.piratibrandys.cz/clanek/2019-03-30-o-skateparku-a-chciplem-psovi
Dohoda: mƒõsto i tramvaj dojdou vƒõƒçn√©ho klidu,https://web.archive.org/web/20221202063749im_/https://www.piratibrandys.cz/wp-content/uploads/2018/11/Screenshot-2022-05-23-at-14.29.50-48x48.png,,,https://web.archive.org/web/20221202063749/https://www.piratibrandys.cz/clanek/2019-04-01-dohoda-mesto-i-tramvaj-dojdou-vecneho-klidu
Ukliƒème ƒåesko a na≈°e mƒõsto,https://web.archive.org/web/20221202052043im_/https://www.piratibrandys.cz/wp-content/uploads/2018/11/Snimek-obrazovky-2022-05-22-v-21.57.30-48x48.png,,,https://web.archive.org/web/20221202052043/https://www.piratibrandys.cz/clanek/2019-04-05-uklidme-cesko-a-nase-mesto
Jak probƒõhlo Ukliƒème ƒåesko v Brand√Ωse,https://web.archive.org/web/20221202053201im_/https://www.piratibrandys.cz/wp-content/uploads/2019/04/facebook_uklidme_cesko-1024x576.jpg,,,https://web.archive.org/web/20221202053201/https://www.piratibrandys.cz/clanek/2019-04-06-uklidme-cesko-v-brandyse
Jak probƒõhlo Ukliƒème ƒåesko v Brand√Ωse,https://web.archive.org/web/20221202053201im_/https://www.piratibrandys.cz/wp-content/gallery/uklidme-cesko-2019/thumbs/thumbs_56732745_2308715352789768_8313870801635901440_o.jpg,56732745_2308715352789768_8313870801635901440_o,56732745_2308715352789768_8313870801635901440_o,https://web.archive.org/web/20221202053201/https://www.piratibrandys.cz/clanek/2019-04-06-uklidme-cesko-v-brandyse
Jak probƒõhlo Ukliƒème ƒåesko v Brand√Ωse,https://web.archive.org/web/20221202053201im_/https://www.piratibrandys.cz/wp-content/gallery/uklidme-cesko-2019/thumbs/thumbs_hluchov_uklidmecesko.jpg,hluchov_uklidmecesko,hluchov_uklidmecesko,https://web.archive.org/web/20221202053201/https://www.piratibrandys.cz/clanek/2019-04-06-uklidme-cesko-v-brandyse
Jak probƒõhlo Ukliƒème ƒåesko v Brand√Ωse,https://web.archive.org/web/20221202053201im_/https://www.piratibrandys.cz/wp-content/gallery/uklidme-cesko-2019/thumbs/thumbs_kprobostaku_uklidmecesko.jpg,kprobostaku_uklidmecesko,kprobostaku_uklidmecesko,https://web.archive.org/web/20221202053201/https://www.piratibrandys.cz/clanek/2019-04-06-uklidme-cesko-v-brandyse
Jak probƒõhlo Ukliƒème ƒåesko v Brand√Ωse,https://web.archive.org/web/20221202053201im_/https://www.piratibrandys.cz/wp-content/gallery/uklidme-cesko-2019/thumbs/thumbs_nedobytna-pokladna.jpg,nedobytna pokladna,nedobytna pokladna,https://web.archive.org/web/20221202053201/https://www.piratibrandys.cz/clanek/2019-04-06-uklidme-cesko-v-brandyse
Jak probƒõhlo Ukliƒème ƒåesko v Brand√Ωse,https://web.archive.org/web/20221202053201im_/https://www.piratibrandys.cz/wp-content/gallery/uklidme-cesko-2019/thumbs/thumbs_Pr%CC%8Ced-a-po-u%CC%81klidu-na-vjezdu-do-me%CC%8Csta.jpg,PrÃåed a po uÃÅklidu - na vjezdu do meÃåsta,PrÃåed a po uÃÅklidu - na vjezdu do meÃåsta,https://web.archive.org/web/20221202053201/https://www.piratibrandys.cz/clanek/2019-04-06-uklidme-cesko-v-brandyse
Jak probƒõhlo Ukliƒème ƒåesko v Brand√Ωse,https://web.archive.org/web/20221202053201im_/https://www.piratibrandys.cz/wp-content/gallery/uklidme-cesko-2019/thumbs/thumbs_pytle-hluchov.jpg,pytle-hluchov,pytle-hluchov,https://web.archive.org/web/20221202053201/https://www.piratibrandys.cz/clanek/2019-04-06-uklidme-cesko-v-brandyse
Jak probƒõhlo Ukliƒème ƒåesko v Brand√Ωse,https://web.archive.org/web/20221202053201im_/https://www.piratibrandys.cz/wp-content/gallery/uklidme-cesko-2019/thumbs/thumbs_uc9.jpg,uc9,uc9,https://web.archive.org/web/20221202053201/https://www.piratibrandys.cz/clanek/2019-04-06-uklidme-cesko-v-brandyse
Jak probƒõhlo Ukliƒème ƒåesko v Brand√Ωse,https://web.archive.org/web/20221202053201im_/https://www.piratibrandys.cz/wp-content/gallery/uklidme-cesko-2019/thumbs/thumbs_68080E21-8FD4-4E87-B8AD-29F38D82794C.jpg,68080E21-8FD4-4E87-B8AD-29F38D82794C,68080E21-8FD4-4E87-B8AD-29F38D82794C,https://web.archive.org/web/20221202053201/https://www.piratibrandys.cz/clanek/2019-04-06-uklidme-cesko-v-brandyse
Jak probƒõhlo Ukliƒème ƒåesko v Brand√Ωse,https://web.archive.org/web/20221202053201im_/https://www.piratibrandys.cz/wp-content/uploads/2018/11/Snimek-obrazovky-2022-05-22-v-21.57.30-48x48.png,,,https://web.archive.org/web/20221202053201/https://www.piratibrandys.cz/clanek/2019-04-06-uklidme-cesko-v-brandyse
Mƒõsto chce zbavit Hluchov ochrany a budovat,https://web.archive.org/web/20221202061735im_/https://www.piratibrandys.cz/wp-content/uploads/2018/11/Screenshot-2022-05-23-at-14.29.50-48x48.png,,,https://web.archive.org/web/20221202061735/https://www.piratibrandys.cz/clanek/2019-05-16-mesto-chce-zbavit-hluchov-ochrany-a-budovat
Co nov√©ho v Brand√Ωse? Ultim√°tn√≠ seznam z ƒçervencov√©ho zastupitelstva,https://web.archive.org/web/20221202053441im_/https://www.piratibrandys.cz/wp-content/uploads/2018/11/Snimek-obrazovky-2022-05-22-v-21.57.30-48x48.png,,,https://web.archive.org/web/20221202053441/https://www.piratibrandys.cz/clanek/2019-07-15-co-noveho-v-brandyse-ultimatni-seznam-z-cervencoveho-zastupitelstva
"Bezradn√© veden√≠ mƒõsta prod√° Hou≈°tku, srdcovou lokalitu m√≠stn√≠ch",https://web.archive.org/web/20221202062921im_/https://www.piratibrandys.cz/wp-content/uploads/2018/11/Snimek-obrazovky-2022-05-22-v-21.57.30-48x48.png,,,https://web.archive.org/web/20221202062921/https://www.piratibrandys.cz/clanek/2019-08-19-houstka-prodej
V√°clav Havel v Brand√Ωse,https://web.archive.org/web/20221202055612im_/https://www.piratibrandys.cz/wp-content/uploads/2018/11/Screenshot-2022-05-23-at-14.29.50-48x48.png,,,https://web.archive.org/web/20221202055612/https://www.piratibrandys.cz/clanek/2019-08-19-vaclav-havel-v-brandyse
"Zru≈°en√© letn√≠ kino, omezen√≠ poutƒõ, probl√©my pro atlety",https://web.archive.org/web/20221202071652im_/https://www.piratibrandys.cz/wp-content/uploads/2018/11/Screenshot-2022-05-23-at-14.29.50-48x48.png,,,https://web.archive.org/web/20221202071652/https://www.piratibrandys.cz/clanek/2019-09-05-zrusene-letni-kino-omezeni-poute-problemy-pro-atlety
DA≈á Z NEMOVITOST√ç NEBUDE NA ROK 2020 ZV√ù≈†ENA!,https://web.archive.org/web/20221202072724im_/https://www.piratibrandys.cz/wp-content/uploads/2018/11/Screenshot-2022-05-23-at-14.29.50-48x48.png,,,https://web.archive.org/web/20221202072724/https://www.piratibrandys.cz/clanek/2019-09-09-dan-z-nemovitosti-nebude-na-rok-2020-zvysena
UKLIƒéME HOU≈†TKU,https://web.archive.org/web/20221202065343im_/https://www.piratibrandys.cz/wp-content/uploads/2018/11/Screenshot-2022-05-23-at-14.29.50-48x48.png,,,https://web.archive.org/web/20221202065343/https://www.piratibrandys.cz/clanek/2019-09-21-uklidme-houstku
Pir√°ti rok v zastupitelstvu Brand√Ωsa,https://web.archive.org/web/20221202061223im_/https://www.piratibrandys.cz/wp-content/uploads/2018/11/Screenshot-2022-05-23-at-14.29.50-48x48.png,,,https://web.archive.org/web/20221202061223/https://www.piratibrandys.cz/clanek/2019-10-08-pirati-rok-v-zastupitelstvu-brandysa
Veden√≠ mƒõsta zaƒçalo cenzurovat zastupitele. Nep≈ô√≠pustn√©!,https://web.archive.org/web/20221205165745im_/https://www.piratibrandys.cz/wp-content/uploads/2018/11/Screenshot-2022-05-23-at-14.29.50-48x48.png,,,https://web.archive.org/web/20221205165745/https://www.piratibrandys.cz/clanek/2019-10-10-vedeni-mesta-zacalo-cenzurovat-zastupitele-nepripustne
Laviƒçka V√°clava Havla v Brand√Ωse,https://web.archive.org/web/20221202065221im_/https://www.piratibrandys.cz/wp-content/uploads/2020/01/76615080_3456883967685209_5834362834212880384_n.jpg,,,https://web.archive.org/web/20221202065221/https://www.piratibrandys.cz/clanek/2019-11-17-lavicka-vaclava-havla-v-brandyse
Laviƒçka V√°clava Havla v Brand√Ωse,https://web.archive.org/web/20221202065221im_/https://www.piratibrandys.cz/wp-content/uploads/2018/11/Snimek-obrazovky-2022-05-22-v-21.57.30-48x48.png,,,https://web.archive.org/web/20221202065221/https://www.piratibrandys.cz/clanek/2019-11-17-lavicka-vaclava-havla-v-brandyse
"Zastupitelstvo 17.12.2019: Psi, voda, v√Ω≈°kov√© domy",https://web.archive.org/web/20221202054323im_/https://www.piratibrandys.cz/wp-content/uploads/2018/11/Snimek-obrazovky-2022-05-22-v-21.57.30-48x48.png,,,https://web.archive.org/web/20221202054323/https://www.piratibrandys.cz/clanek/2019-12-18-zastupitelstvo-17-12-2019-psi-voda-vyskove-domy
Investiƒçn√≠ p≈ôe≈°lapov√°n√≠ Brand√Ωsa-Boleslavi 2019,https://web.archive.org/web/20221202062803im_/https://www.piratibrandys.cz/wp-content/uploads/2018/11/Screenshot-2022-05-23-at-14.29.50-48x48.png,,,https://web.archive.org/web/20221202062803/https://www.piratibrandys.cz/clanek/2020-01-03-investicni-preslapovani-brandysa-boleslavi-2019
"Do ƒçeho by mƒõsto mƒõlo investovat, jak√° je na≈°e investiƒçn√≠ strategie?",https://web.archive.org/web/20221202055135im_/https://www.piratibrandys.cz/wp-content/uploads/2018/11/Snimek-obrazovky-2022-05-22-v-21.57.30-48x48.png,,,https://web.archive.org/web/20221202055135/https://www.piratibrandys.cz/clanek/2020-01-31-do-ceho-by-mesto-melo-investovat-jaka-je-nase-investicni-strategie
Nez√°konn√° t≈ô√≠mili√≥nov√° zak√°zka m√≠stostarosty Du≈°ka,https://web.archive.org/web/20221202073621im_/https://www.piratibrandys.cz/wp-content/uploads/2018/11/Screenshot-2022-05-23-at-14.29.50-48x48.png,,,https://web.archive.org/web/20221202073621/https://www.piratibrandys.cz/clanek/2020-02-11-nezakonna-trimilionova-zakazka-mistostarosty-duska
Patrick Zandl a COVID19CZ,https://web.archive.org/web/20221202071041im_/https://www.piratibrandys.cz/wp-content/uploads/2018/11/Screenshot-2022-05-23-at-14.29.50-48x48.png,,,https://web.archive.org/web/20221202071041/https://www.piratibrandys.cz/clanek/2020-04-09-patrick-zandl-a-covid19cz
My stav√≠me v Brand√Ωse-Boleslavi p≈ôes Labe nov√Ω most? A mohli bychom ho vidƒõt?,https://web.archive.org/web/20221202061307im_/https://www.piratibrandys.cz/wp-content/uploads/2020/06/most2.png,,,https://web.archive.org/web/20221202061307/https://www.piratibrandys.cz/clanek/2020-05-11-my-stavime-v-brandyse-boleslavi-pres-labe-novy-most-a-mohli-bychom-ho-videt
My stav√≠me v Brand√Ωse-Boleslavi p≈ôes Labe nov√Ω most? A mohli bychom ho vidƒõt?,https://web.archive.org/web/20221202061307im_/https://www.piratibrandys.cz/wp-content/uploads/2018/11/Screenshot-2022-05-23-at-14.29.50-48x48.png,,,https://web.archive.org/web/20221202061307/https://www.piratibrandys.cz/clanek/2020-05-11-my-stavime-v-brandyse-boleslavi-pres-labe-novy-most-a-mohli-bychom-ho-videt
11. ve≈ôejn√© zased√°n√≠ Zastupitelstva mƒõsta Brand√Ωs nad Labem-Star√° Boleslav ‚Äì 8.6.2020,https://web.archive.org/web/20230327195031im_/https://www.piratibrandys.cz/wp-content/uploads/2020/06/hala1-1024x527.jpg,,,https://web.archive.org/web/20230327195031/https://www.piratibrandys.cz/clanek/2020-06-11-11-verejne-zasedani-zastupitelstva-mesta-brandys-nad-labem-stara-boleslav-8-6-2020
Je BBM ƒçern√° d√≠ra na pen√≠ze?,https://web.archive.org/web/20230327201714im_/https://www.piratibrandys.cz/wp-content/uploads/2018/11/Snimek-obrazovky-2022-05-22-v-21.57.30-48x48.png,,,https://web.archive.org/web/20230327201714/https://www.piratibrandys.cz/clanek/2020-06-15-je-bbm-cerna-dira-na-penize
"Parkovi≈°tƒõ Policie, v≈°ech nebo zele≈à?",https://web.archive.org/web/20230321085115im_/https://www.piratibrandys.cz/wp-content/uploads/2018/11/Snimek-obrazovky-2022-05-22-v-21.57.30-48x48.png,,,https://web.archive.org/web/20230321085115/https://www.piratibrandys.cz/clanek/2020-06-18-parkoviste-policie-vsech-nebo-zelen
Jsme mƒõstem pro 40 000 obyvatel? A jak to zvl√°dnout?,https://web.archive.org/web/20221202061012im_/https://www.piratibrandys.cz/wp-content/uploads/2020/07/BydleniÃÅ-BrandyÃÅs-Boleslav.png,Mapa developersk√Ωch projekt≈Ø v Brand√Ωse-Boleslavi,,https://web.archive.org/web/20221202061012/https://www.piratibrandys.cz/clanek/2020-07-01-jsme-mestem-pro-40-000-obyvatel-a-jak-to-zvladnout
Jsme mƒõstem pro 40 000 obyvatel? A jak to zvl√°dnout?,https://web.archive.org/web/20221202061012im_/https://www.piratibrandys.cz/wp-content/uploads/2018/11/Snimek-obrazovky-2022-05-22-v-21.57.30-48x48.png,,,https://web.archive.org/web/20221202061012/https://www.piratibrandys.cz/clanek/2020-07-01-jsme-mestem-pro-40-000-obyvatel-a-jak-to-zvladnout
Parkovac√≠ d≈Øm pro 300 aut v¬†centru mƒõsta stranou od lid√≠,https://web.archive.org/web/20221202061056im_/https://www.piratibrandys.cz/wp-content/uploads/2018/11/Screenshot-2022-05-23-at-14.29.50-48x48.png,,,https://web.archive.org/web/20221202061056/https://www.piratibrandys.cz/clanek/2020-08-11-parkovaci-dum-pro-300-aut-v-centru-mesta-stranou-od-lidi
St≈ô√≠pky: kdy≈æ chcete nƒõco po mƒõstu‚Ä¶,https://web.archive.org/web/20221202070934im_/https://www.piratibrandys.cz/wp-content/uploads/2020/09/SniÃÅmek-obrazovky-2020-09-02-v-8.43.12-1024x864.png,Situaƒç√°n√≠ pl√°nek Rodovi,,https://web.archive.org/web/20221202070934/https://www.piratibrandys.cz/clanek/2020-09-02-stripky-kdyz-chcete-neco-po-mestu
St≈ô√≠pky: kdy≈æ chcete nƒõco po mƒõstu‚Ä¶,https://web.archive.org/web/20221202070934im_/https://www.piratibrandys.cz/wp-content/uploads/2020/09/pozemek-rodovi-1024x768.jpg,,,https://web.archive.org/web/20221202070934/https://www.piratibrandys.cz/clanek/2020-09-02-stripky-kdyz-chcete-neco-po-mestu
St≈ô√≠pky: kdy≈æ chcete nƒõco po mƒõstu‚Ä¶,https://web.archive.org/web/20221202070934im_/https://www.piratibrandys.cz/wp-content/uploads/2018/11/Snimek-obrazovky-2022-05-22-v-21.57.30-48x48.png,,,https://web.archive.org/web/20221202070934/https://www.piratibrandys.cz/clanek/2020-09-02-stripky-kdyz-chcete-neco-po-mestu
Z koho udƒõl√° Sedmikr√°skov chudobku?,https://web.archive.org/web/20221202074040im_/https://www.piratibrandys.cz/wp-content/uploads/2018/11/Screenshot-2022-05-23-at-14.29.50-48x48.png,,,https://web.archive.org/web/20221202074040/https://www.piratibrandys.cz/clanek/2020-12-04-z-koho-udela-sedmikraskov-chudobku
ROZVOJ MƒöSTA A DEVELOPERSK√â PROJEKTY 2021,https://web.archive.org/web/20221202052600im_/https://www.piratibrandys.cz/wp-content/uploads/2018/11/Snimek-obrazovky-2022-05-22-v-21.57.30-48x48.png,,,https://web.archive.org/web/20221202052600/https://www.piratibrandys.cz/clanek/2020-12-11-rozvoj-mesta-a-developerske-projekty-2021
V Brand√Ωse vznik√° Pir√°tsk√© centrum,https://web.archive.org/web/20221202053351im_/https://www.piratibrandys.cz/wp-content/uploads/2018/11/Snimek-obrazovky-2022-05-22-v-21.57.30-48x48.png,,,https://web.archive.org/web/20221202053351/https://www.piratibrandys.cz/clanek/2021-01-04-v-brandyse-vznika-piratske-centrum
Kluci z basketu a ubytovna pro zahraniƒçn√≠ dƒõln√≠ky m√≠sto ≈°koly,https://web.archive.org/web/20220701053318im_/https://www.piratibrandys.cz/wp-content/uploads/2018/11/Snimek-obrazovky-2022-05-22-v-21.57.30-48x48.png,,,https://web.archive.org/web/20220701053318/https://www.piratibrandys.cz/clanek/2021-04-07-kluci-z-basketu-a-ubytovna-pro-zahranicni-delniky-misto-skoly
Patricka Zandla nahrad√≠ za Pir√°ty v zastupitelstvu mƒõsta Marie Kub√°ƒçov√°,https://web.archive.org/web/20221202051543im_/https://www.piratibrandys.cz/wp-content/uploads/2018/11/Screenshot-2022-05-23-at-14.29.50-48x48.png,,,https://web.archive.org/web/20221202051543/https://www.piratibrandys.cz/clanek/2021-09-10-patricka-zandla-nahradi-za-piraty-v-zastupitelstvu-mesta-marie-kubacova
Zpr√°va ≈æe z√°≈ôijov√©ho zastupitelstva: jak je to s developersk√Ωmi projekty?,https://web.archive.org/web/20221202061857im_/https://www.piratibrandys.cz/wp-content/uploads/2018/11/Screenshot-2022-05-23-at-14.29.50-48x48.png,,,https://web.archive.org/web/20221202061857/https://www.piratibrandys.cz/clanek/2021-09-16-zprava-ze-zarijoveho-zastupitelstva-jak-je-to-s-developerskymi-projekty
Kajak√°≈ôsk√Ω kan√°l na prodej,https://web.archive.org/web/20221202054053im_/https://static.xx.fbcdn.net/images/emoji.php/v9/tad/1/16/1f632.png,üò≤,,https://web.archive.org/web/20221202054053/https://www.piratibrandys.cz/clanek/2021-09-23-kajakarsky-kanal-na-prodej
Kajak√°≈ôsk√Ω kan√°l na prodej,https://web.archive.org/web/20221202054053im_/https://static.xx.fbcdn.net/images/emoji.php/v9/t60/1/16/1f4b6.png,üí∂,,https://web.archive.org/web/20221202054053/https://www.piratibrandys.cz/clanek/2021-09-23-kajakarsky-kanal-na-prodej
Kajak√°≈ôsk√Ω kan√°l na prodej,https://web.archive.org/web/20221202054053im_/https://static.xx.fbcdn.net/images/emoji.php/v9/tf5/1/16/1f937.png,ü§∑,,https://web.archive.org/web/20221202054053/https://www.piratibrandys.cz/clanek/2021-09-23-kajakarsky-kanal-na-prodej
Kajak√°≈ôsk√Ω kan√°l na prodej,https://web.archive.org/web/20221202054053im_/https://static.xx.fbcdn.net/images/emoji.php/v9/t80/1/16/1f64f.png,üôè,,https://web.archive.org/web/20221202054053/https://www.piratibrandys.cz/clanek/2021-09-23-kajakarsky-kanal-na-prodej
Kajak√°≈ôsk√Ω kan√°l na prodej,https://web.archive.org/web/20221202054053im_/https://www.piratibrandys.cz/wp-content/uploads/2022/05/242694685_10208744291121607_3432403493939181898_n-1024x707.jpg,,,https://web.archive.org/web/20221202054053/https://www.piratibrandys.cz/clanek/2021-09-23-kajakarsky-kanal-na-prodej
Kajak√°≈ôsk√Ω kan√°l na prodej,https://web.archive.org/web/20221202054053im_/https://static.xx.fbcdn.net/images/emoji.php/v9/t53/1/16/1f605.png,üòÖ,,https://web.archive.org/web/20221202054053/https://www.piratibrandys.cz/clanek/2021-09-23-kajakarsky-kanal-na-prodej
Kajak√°≈ôsk√Ω kan√°l na prodej,https://web.archive.org/web/20221202054053im_/https://www.piratibrandys.cz/wp-content/uploads/2018/11/Screenshot-2022-05-23-at-14.29.50-48x48.png,,,https://web.archive.org/web/20221202054053/https://www.piratibrandys.cz/clanek/2021-09-23-kajakarsky-kanal-na-prodej
D√≠ky kraji u≈°et≈ô√≠me na ve≈ôejn√© dopravƒõ 40 %! ‚òù,https://web.archive.org/web/20230327191208im_/https://static.xx.fbcdn.net/images/emoji.php/v9/tad/1/16/1f632.png,üò≤,,https://web.archive.org/web/20230327191208/https://www.piratibrandys.cz/clanek/2021-12-06-diky-kraji-usetrime-na-verejne-doprave-40-‚òù
D√≠ky kraji u≈°et≈ô√≠me na ve≈ôejn√© dopravƒõ 40 %! ‚òù,https://web.archive.org/web/20230327191208im_/https://static.xx.fbcdn.net/images/emoji.php/v9/t4c/1/16/1f642.png,üôÇ,,https://web.archive.org/web/20230327191208/https://www.piratibrandys.cz/clanek/2021-12-06-diky-kraji-usetrime-na-verejne-doprave-40-‚òù
D√≠ky kraji u≈°et≈ô√≠me na ve≈ôejn√© dopravƒõ 40 %! ‚òù,https://web.archive.org/web/20230327191208im_/https://static.xx.fbcdn.net/images/emoji.php/v9/tf5/1/16/1f937.png,ü§∑,,https://web.archive.org/web/20230327191208/https://www.piratibrandys.cz/clanek/2021-12-06-diky-kraji-usetrime-na-verejne-doprave-40-‚òù
D√≠ky kraji u≈°et≈ô√≠me na ve≈ôejn√© dopravƒõ 40 %! ‚òù,https://web.archive.org/web/20230327191208im_/https://www.piratibrandys.cz/wp-content/uploads/2018/11/Screenshot-2022-05-23-at-14.29.50-48x48.png,,,https://web.archive.org/web/20230327191208/https://www.piratibrandys.cz/clanek/2021-12-06-diky-kraji-usetrime-na-verejne-doprave-40-‚òù
Nedƒõle na brusl√≠ch v P+R a deskov√© hry v PiCe,https://web.archive.org/web/20220927044724im_/https://static.xx.fbcdn.net/images/emoji.php/v9/t4c/1/16/1f642.png,üôÇ,,https://web.archive.org/web/20220927044724/https://www.piratibrandys.cz/clanek/2022-02-13-nedele-na-bruslich-v-pr-a-deskove-hry-v-pice
Nedƒõle na brusl√≠ch v P+R a deskov√© hry v PiCe,https://web.archive.org/web/20220927044724im_/https://static.xx.fbcdn.net/images/emoji.php/v9/tfc/1/16/1f44d.png,üëç,,https://web.archive.org/web/20220927044724/https://www.piratibrandys.cz/clanek/2022-02-13-nedele-na-bruslich-v-pr-a-deskove-hry-v-pice
Nedƒõle na brusl√≠ch v P+R a deskov√© hry v PiCe,https://web.archive.org/web/20220927044724im_/https://static.xx.fbcdn.net/images/emoji.php/v9/tce/1/16/1f600.png,üòÄ,,https://web.archive.org/web/20220927044724/https://www.piratibrandys.cz/clanek/2022-02-13-nedele-na-bruslich-v-pr-a-deskove-hry-v-pice
Nedƒõle na brusl√≠ch v P+R a deskov√© hry v PiCe,https://web.archive.org/web/20220927044724im_/https://static.xx.fbcdn.net/images/emoji.php/v9/t6c/1/16/2764.png,‚ù§Ô∏è,,https://web.archive.org/web/20220927044724/https://www.piratibrandys.cz/clanek/2022-02-13-nedele-na-bruslich-v-pr-a-deskove-hry-v-pice
Nedƒõle na brusl√≠ch v P+R a deskov√© hry v PiCe,https://web.archive.org/web/20220927044724im_/https://static.xx.fbcdn.net/images/emoji.php/v9/td3/1/16/2639.png,‚òπÔ∏è,,https://web.archive.org/web/20220927044724/https://www.piratibrandys.cz/clanek/2022-02-13-nedele-na-bruslich-v-pr-a-deskove-hry-v-pice
Nedƒõle na brusl√≠ch v P+R a deskov√© hry v PiCe,https://web.archive.org/web/20220927044724im_/https://www.piratibrandys.cz/wp-content/uploads/2022/05/274053521_7301071989933035_2081736819349884910_n.jpg,,,https://web.archive.org/web/20220927044724/https://www.piratibrandys.cz/clanek/2022-02-13-nedele-na-bruslich-v-pr-a-deskove-hry-v-pice
Nedƒõle na brusl√≠ch v P+R a deskov√© hry v PiCe,https://web.archive.org/web/20220927044724im_/https://www.piratibrandys.cz/wp-content/uploads/2022/05/273843500_7301072573266310_120688578682428421_n.jpg,,,https://web.archive.org/web/20220927044724/https://www.piratibrandys.cz/clanek/2022-02-13-nedele-na-bruslich-v-pr-a-deskove-hry-v-pice
Nedƒõle na brusl√≠ch v P+R a deskov√© hry v PiCe,https://web.archive.org/web/20220927044724im_/https://www.piratibrandys.cz/wp-content/uploads/2022/05/273958610_7301072609932973_7741483298203085624_n.jpg,,,https://web.archive.org/web/20220927044724/https://www.piratibrandys.cz/clanek/2022-02-13-nedele-na-bruslich-v-pr-a-deskove-hry-v-pice
Nedƒõle na brusl√≠ch v P+R a deskov√© hry v PiCe,https://web.archive.org/web/20220927044724im_/https://www.piratibrandys.cz/wp-content/uploads/2022/05/273909178_7301072416599659_2044416727726409296_n.jpg,,,https://web.archive.org/web/20220927044724/https://www.piratibrandys.cz/clanek/2022-02-13-nedele-na-bruslich-v-pr-a-deskove-hry-v-pice
Nedƒõle na brusl√≠ch v P+R a deskov√© hry v PiCe,https://web.archive.org/web/20220927044724im_/https://www.piratibrandys.cz/wp-content/uploads/2022/05/273912382_7301072786599622_674392389480415703_n-2.jpg,,,https://web.archive.org/web/20220927044724/https://www.piratibrandys.cz/clanek/2022-02-13-nedele-na-bruslich-v-pr-a-deskove-hry-v-pice
Nedƒõle na brusl√≠ch v P+R a deskov√© hry v PiCe,https://web.archive.org/web/20220927044724im_/https://www.piratibrandys.cz/wp-content/uploads/2022/05/273828056_7301072183266349_7707115709691939371_n-2.jpg,,,https://web.archive.org/web/20220927044724/https://www.piratibrandys.cz/clanek/2022-02-13-nedele-na-bruslich-v-pr-a-deskove-hry-v-pice
Nedƒõle na brusl√≠ch v P+R a deskov√© hry v PiCe,https://web.archive.org/web/20220927044724im_/https://www.piratibrandys.cz/wp-content/uploads/2022/05/273912572_7301072753266292_53257051327909408_n.jpg,,,https://web.archive.org/web/20220927044724/https://www.piratibrandys.cz/clanek/2022-02-13-nedele-na-bruslich-v-pr-a-deskove-hry-v-pice
Nedƒõle na brusl√≠ch v P+R a deskov√© hry v PiCe,https://web.archive.org/web/20220927044724im_/https://www.piratibrandys.cz/wp-content/uploads/2022/05/273832343_7301072199933014_8375763571429800029_n.jpg,,,https://web.archive.org/web/20220927044724/https://www.piratibrandys.cz/clanek/2022-02-13-nedele-na-bruslich-v-pr-a-deskove-hry-v-pice
Nedƒõle na brusl√≠ch v P+R a deskov√© hry v PiCe,https://web.archive.org/web/20220927044724im_/https://www.piratibrandys.cz/wp-content/uploads/2022/05/273873242_7301071966599704_4181638568512394932_n.jpg,,,https://web.archive.org/web/20220927044724/https://www.piratibrandys.cz/clanek/2022-02-13-nedele-na-bruslich-v-pr-a-deskove-hry-v-pice
Nedƒõle na brusl√≠ch v P+R a deskov√© hry v PiCe,https://web.archive.org/web/20220927044724im_/https://www.piratibrandys.cz/wp-content/uploads/2022/05/273902135_7301072389932995_7080762322079735626_n.jpg,,,https://web.archive.org/web/20220927044724/https://www.piratibrandys.cz/clanek/2022-02-13-nedele-na-bruslich-v-pr-a-deskove-hry-v-pice
Nedƒõle na brusl√≠ch v P+R a deskov√© hry v PiCe,https://web.archive.org/web/20220927044724im_/https://www.piratibrandys.cz/wp-content/uploads/2018/11/Snimek-obrazovky-2022-05-22-v-21.57.30-48x48.png,,,https://web.archive.org/web/20220927044724/https://www.piratibrandys.cz/clanek/2022-02-13-nedele-na-bruslich-v-pr-a-deskove-hry-v-pice
Ukl√≠zeli jsme Brand√Ωs ‚Äì a co byste ≈ôekli na tuhle proch√°zkovou trasu?,https://web.archive.org/web/20221129002025im_/https://www.piratibrandys.cz/wp-content/uploads/2022/04/IMG_8831E5B96B7A-1.jpeg,,,https://web.archive.org/web/20221129002025/https://www.piratibrandys.cz/clanek/2022-04-02-uklizeli-jsme-brandys-a-co-byste-rekli-na-tuhle-prochazkovou-trasu
Ukl√≠zeli jsme Brand√Ωs ‚Äì a co byste ≈ôekli na tuhle proch√°zkovou trasu?,https://web.archive.org/web/20221129002025im_/https://www.piratibrandys.cz/wp-content/uploads/2022/04/cesta-park-1024x856.jpg,,,https://web.archive.org/web/20221129002025/https://www.piratibrandys.cz/clanek/2022-04-02-uklizeli-jsme-brandys-a-co-byste-rekli-na-tuhle-prochazkovou-trasu
Ukl√≠zeli jsme Brand√Ωs ‚Äì a co byste ≈ôekli na tuhle proch√°zkovou trasu?,https://web.archive.org/web/20221129002025im_/https://www.piratibrandys.cz/wp-content/uploads/2022/04/IMG_9104-scaled.jpeg,,,https://web.archive.org/web/20221129002025/https://www.piratibrandys.cz/clanek/2022-04-02-uklizeli-jsme-brandys-a-co-byste-rekli-na-tuhle-prochazkovou-trasu
Ukl√≠zeli jsme Brand√Ωs ‚Äì a co byste ≈ôekli na tuhle proch√°zkovou trasu?,https://web.archive.org/web/20221129002025im_/https://www.piratibrandys.cz/wp-content/uploads/2022/04/IMG_9102-scaled.jpeg,,,https://web.archive.org/web/20221129002025/https://www.piratibrandys.cz/clanek/2022-04-02-uklizeli-jsme-brandys-a-co-byste-rekli-na-tuhle-prochazkovou-trasu
Ukl√≠zeli jsme Brand√Ωs ‚Äì a co byste ≈ôekli na tuhle proch√°zkovou trasu?,https://web.archive.org/web/20221129002025im_/https://www.piratibrandys.cz/wp-content/uploads/2022/04/IMG_9100-scaled.jpeg,,,https://web.archive.org/web/20221129002025/https://www.piratibrandys.cz/clanek/2022-04-02-uklizeli-jsme-brandys-a-co-byste-rekli-na-tuhle-prochazkovou-trasu
Ukl√≠zeli jsme Brand√Ωs ‚Äì a co byste ≈ôekli na tuhle proch√°zkovou trasu?,https://web.archive.org/web/20221129002025im_/https://www.piratibrandys.cz/wp-content/uploads/2022/04/IMG_9101-scaled.jpeg,,,https://web.archive.org/web/20221129002025/https://www.piratibrandys.cz/clanek/2022-04-02-uklizeli-jsme-brandys-a-co-byste-rekli-na-tuhle-prochazkovou-trasu
Ukl√≠zeli jsme Brand√Ωs ‚Äì a co byste ≈ôekli na tuhle proch√°zkovou trasu?,https://web.archive.org/web/20221129002025im_/https://www.piratibrandys.cz/wp-content/uploads/2022/04/IMG_9110-scaled.jpeg,,,https://web.archive.org/web/20221129002025/https://www.piratibrandys.cz/clanek/2022-04-02-uklizeli-jsme-brandys-a-co-byste-rekli-na-tuhle-prochazkovou-trasu
Ukl√≠zeli jsme Brand√Ωs ‚Äì a co byste ≈ôekli na tuhle proch√°zkovou trasu?,https://web.archive.org/web/20221129002025im_/https://www.piratibrandys.cz/wp-content/uploads/2022/04/275901791_1320165075157524_8701190589213887937_n-1.jpg,,,https://web.archive.org/web/20221129002025/https://www.piratibrandys.cz/clanek/2022-04-02-uklizeli-jsme-brandys-a-co-byste-rekli-na-tuhle-prochazkovou-trasu
Ukl√≠zeli jsme Brand√Ωs ‚Äì a co byste ≈ôekli na tuhle proch√°zkovou trasu?,https://web.archive.org/web/20221129002025im_/https://www.piratibrandys.cz/wp-content/uploads/2022/04/IMG_F5A1AB349EE4-1-1.jpeg,,,https://web.archive.org/web/20221129002025/https://www.piratibrandys.cz/clanek/2022-04-02-uklizeli-jsme-brandys-a-co-byste-rekli-na-tuhle-prochazkovou-trasu
Ukl√≠zeli jsme Brand√Ωs ‚Äì a co byste ≈ôekli na tuhle proch√°zkovou trasu?,https://web.archive.org/web/20221129002025im_/https://www.piratibrandys.cz/wp-content/uploads/2022/04/275901791_1320165075157524_8701190589213887937_n.jpg,,,https://web.archive.org/web/20221129002025/https://www.piratibrandys.cz/clanek/2022-04-02-uklizeli-jsme-brandys-a-co-byste-rekli-na-tuhle-prochazkovou-trasu
Ukl√≠zeli jsme Brand√Ωs ‚Äì a co byste ≈ôekli na tuhle proch√°zkovou trasu?,https://web.archive.org/web/20221129002025im_/https://www.piratibrandys.cz/wp-content/uploads/2018/11/Snimek-obrazovky-2022-05-22-v-21.57.30-48x48.png,,,https://web.archive.org/web/20221129002025/https://www.piratibrandys.cz/clanek/2022-04-02-uklizeli-jsme-brandys-a-co-byste-rekli-na-tuhle-prochazkovou-trasu
P√°r fotek z novƒõ budovan√©ho pumptracku v Hluchovƒõ,https://web.archive.org/web/20220927040300im_/https://static.xx.fbcdn.net/images/emoji.php/v9/tfc/1/16/1f44d.png,üëç,,https://web.archive.org/web/20220927040300/https://www.piratibrandys.cz/clanek/2022-04-14-par-fotek-z-nove-budovaneho-pumptracku-v-hluchove
P√°r fotek z novƒõ budovan√©ho pumptracku v Hluchovƒõ,https://web.archive.org/web/20220927040300im_/https://static.xx.fbcdn.net/images/emoji.php/v9/t40/1/16/261d.png,‚òùÔ∏è,,https://web.archive.org/web/20220927040300/https://www.piratibrandys.cz/clanek/2022-04-14-par-fotek-z-nove-budovaneho-pumptracku-v-hluchove
P√°r fotek z novƒõ budovan√©ho pumptracku v Hluchovƒõ,https://web.archive.org/web/20220927040300im_/https://static.xx.fbcdn.net/images/emoji.php/v9/t50/1/16/26cf.png,‚õè,,https://web.archive.org/web/20220927040300/https://www.piratibrandys.cz/clanek/2022-04-14-par-fotek-z-nove-budovaneho-pumptracku-v-hluchove
P√°r fotek z novƒõ budovan√©ho pumptracku v Hluchovƒõ,https://web.archive.org/web/20220927040300im_/https://static.xx.fbcdn.net/images/emoji.php/v9/tec/1/16/2049.png,‚ÅâÔ∏è,,https://web.archive.org/web/20220927040300/https://www.piratibrandys.cz/clanek/2022-04-14-par-fotek-z-nove-budovaneho-pumptracku-v-hluchove
P√°r fotek z novƒõ budovan√©ho pumptracku v Hluchovƒõ,https://web.archive.org/web/20220927040300im_/https://static.xx.fbcdn.net/images/emoji.php/v9/t44/1/16/1f90c.png,ü§å,,https://web.archive.org/web/20220927040300/https://www.piratibrandys.cz/clanek/2022-04-14-par-fotek-z-nove-budovaneho-pumptracku-v-hluchove
P√°r fotek z novƒõ budovan√©ho pumptracku v Hluchovƒõ,https://web.archive.org/web/20220927040300im_/https://static.xx.fbcdn.net/images/emoji.php/v9/t93/1/16/1f627.png,üòß,,https://web.archive.org/web/20220927040300/https://www.piratibrandys.cz/clanek/2022-04-14-par-fotek-z-nove-budovaneho-pumptracku-v-hluchove
P√°r fotek z novƒõ budovan√©ho pumptracku v Hluchovƒõ,https://web.archive.org/web/20220927040300im_/https://static.xx.fbcdn.net/images/emoji.php/v9/t7d/1/16/1f44e.png,üëé,,https://web.archive.org/web/20220927040300/https://www.piratibrandys.cz/clanek/2022-04-14-par-fotek-z-nove-budovaneho-pumptracku-v-hluchove
P√°r fotek z novƒõ budovan√©ho pumptracku v Hluchovƒõ,https://web.archive.org/web/20220927040300im_/https://static.xx.fbcdn.net/images/emoji.php/v9/t53/1/16/1f605.png,üòÖ,,https://web.archive.org/web/20220927040300/https://www.piratibrandys.cz/clanek/2022-04-14-par-fotek-z-nove-budovaneho-pumptracku-v-hluchove
P√°r fotek z novƒõ budovan√©ho pumptracku v Hluchovƒõ,https://web.archive.org/web/20220927040300im_/https://static.xx.fbcdn.net/images/emoji.php/v9/t2e/1/16/1f633.png,üò≥,,https://web.archive.org/web/20220927040300/https://www.piratibrandys.cz/clanek/2022-04-14-par-fotek-z-nove-budovaneho-pumptracku-v-hluchove
P√°r fotek z novƒõ budovan√©ho pumptracku v Hluchovƒõ,https://web.archive.org/web/20220927040300im_/https://static.xx.fbcdn.net/images/emoji.php/v9/tcb/1/16/1f641.png,üôÅ,,https://web.archive.org/web/20220927040300/https://www.piratibrandys.cz/clanek/2022-04-14-par-fotek-z-nove-budovaneho-pumptracku-v-hluchove
P√°r fotek z novƒõ budovan√©ho pumptracku v Hluchovƒõ,https://web.archive.org/web/20220927040300im_/https://static.xx.fbcdn.net/images/emoji.php/v9/t8d/1/16/1f621.png,üò°,,https://web.archive.org/web/20220927040300/https://www.piratibrandys.cz/clanek/2022-04-14-par-fotek-z-nove-budovaneho-pumptracku-v-hluchove
P√°r fotek z novƒõ budovan√©ho pumptracku v Hluchovƒõ,https://web.archive.org/web/20220927040300im_/https://static.xx.fbcdn.net/images/emoji.php/v9/t10/1/16/1f6b4_200d_2642.png,üö¥‚Äç‚ôÇÔ∏è,,https://web.archive.org/web/20220927040300/https://www.piratibrandys.cz/clanek/2022-04-14-par-fotek-z-nove-budovaneho-pumptracku-v-hluchove
P√°r fotek z novƒõ budovan√©ho pumptracku v Hluchovƒõ,https://web.archive.org/web/20220927040300im_/https://www.piratibrandys.cz/wp-content/uploads/2022/05/278233363_10209217989923781_32960458383567256_n-735x1024.jpg,,,https://web.archive.org/web/20220927040300/https://www.piratibrandys.cz/clanek/2022-04-14-par-fotek-z-nove-budovaneho-pumptracku-v-hluchove
P√°r fotek z novƒõ budovan√©ho pumptracku v Hluchovƒõ,https://web.archive.org/web/20220927040300im_/https://www.piratibrandys.cz/wp-content/uploads/2022/05/277787181_10209217990123786_6433263169820162068_n-1024x679.jpg,,,https://web.archive.org/web/20220927040300/https://www.piratibrandys.cz/clanek/2022-04-14-par-fotek-z-nove-budovaneho-pumptracku-v-hluchove
P√°r fotek z novƒõ budovan√©ho pumptracku v Hluchovƒõ,https://web.archive.org/web/20220927040300im_/https://www.piratibrandys.cz/wp-content/uploads/2022/05/278212146_10209217990883805_4244782216029879952_n-1024x1012.jpg,,,https://web.archive.org/web/20220927040300/https://www.piratibrandys.cz/clanek/2022-04-14-par-fotek-z-nove-budovaneho-pumptracku-v-hluchove
P√°r fotek z novƒõ budovan√©ho pumptracku v Hluchovƒõ,https://web.archive.org/web/20220927040300im_/https://www.piratibrandys.cz/wp-content/uploads/2022/05/277771394_10209217990003783_7227571210733635366_n-1024x663.jpg,,,https://web.archive.org/web/20220927040300/https://www.piratibrandys.cz/clanek/2022-04-14-par-fotek-z-nove-budovaneho-pumptracku-v-hluchove
P√°r fotek z novƒõ budovan√©ho pumptracku v Hluchovƒõ,https://web.archive.org/web/20220927040300im_/https://www.piratibrandys.cz/wp-content/uploads/2018/11/Screenshot-2022-05-23-at-14.29.50-48x48.png,,,https://web.archive.org/web/20220927040300/https://www.piratibrandys.cz/clanek/2022-04-14-par-fotek-z-nove-budovaneho-pumptracku-v-hluchove
Je nov√° sportovn√≠ hala u Z≈† Palachova mrtv√°‚ÅâÔ∏è,https://web.archive.org/web/20221129014807im_/https://static.xx.fbcdn.net/images/emoji.php/v9/t2e/1/16/1f633.png,üò≥,,https://web.archive.org/web/20221129014807/https://www.piratibrandys.cz/clanek/2022-05-12-je-nova-sportovni-hala-u-zs-palachova-mrtva‚Åâ%EF%B8%8F
Je nov√° sportovn√≠ hala u Z≈† Palachova mrtv√°‚ÅâÔ∏è,https://web.archive.org/web/20221129014807im_/https://static.xx.fbcdn.net/images/emoji.php/v9/t8d/1/16/1f621.png,üò°,,https://web.archive.org/web/20221129014807/https://www.piratibrandys.cz/clanek/2022-05-12-je-nova-sportovni-hala-u-zs-palachova-mrtva‚Åâ%EF%B8%8F
Je nov√° sportovn√≠ hala u Z≈† Palachova mrtv√°‚ÅâÔ∏è,https://web.archive.org/web/20221129014807im_/https://static.xx.fbcdn.net/images/emoji.php/v9/t93/1/16/1f627.png,üòß,,https://web.archive.org/web/20221129014807/https://www.piratibrandys.cz/clanek/2022-05-12-je-nova-sportovni-hala-u-zs-palachova-mrtva‚Åâ%EF%B8%8F
Je nov√° sportovn√≠ hala u Z≈† Palachova mrtv√°‚ÅâÔ∏è,https://web.archive.org/web/20221129014807im_/https://static.xx.fbcdn.net/images/emoji.php/v9/tf5/1/16/1f937.png,ü§∑,,https://web.archive.org/web/20221129014807/https://www.piratibrandys.cz/clanek/2022-05-12-je-nova-sportovni-hala-u-zs-palachova-mrtva‚Åâ%EF%B8%8F
Je nov√° sportovn√≠ hala u Z≈† Palachova mrtv√°‚ÅâÔ∏è,https://web.archive.org/web/20221129014807im_/https://www.piratibrandys.cz/wp-content/uploads/2018/11/Screenshot-2022-05-23-at-14.29.50-48x48.png,,,https://web.archive.org/web/20221129014807/https://www.piratibrandys.cz/clanek/2022-05-12-je-nova-sportovni-hala-u-zs-palachova-mrtva‚Åâ%EF%B8%8F
Spla≈°ky p≈ôednƒõj≈°√≠ ne≈æ dƒõti,https://web.archive.org/web/20220927041019im_/https://static.xx.fbcdn.net/images/emoji.php/v9/tad/1/16/1f632.png,üò≤,,https://web.archive.org/web/20220927041019/https://www.piratibrandys.cz/clanek/2022-05-16-splasky-prednejsi-nez-deti
Spla≈°ky p≈ôednƒõj≈°√≠ ne≈æ dƒõti,https://web.archive.org/web/20220927041019im_/https://static.xx.fbcdn.net/images/emoji.php/v9/t8d/1/16/1f621.png,üò°,,https://web.archive.org/web/20220927041019/https://www.piratibrandys.cz/clanek/2022-05-16-splasky-prednejsi-nez-deti
Spla≈°ky p≈ôednƒõj≈°√≠ ne≈æ dƒõti,https://web.archive.org/web/20220927041019im_/https://static.xx.fbcdn.net/images/emoji.php/v9/tf2/1/16/1f615.png,üòï,,https://web.archive.org/web/20220927041019/https://www.piratibrandys.cz/clanek/2022-05-16-splasky-prednejsi-nez-deti
Spla≈°ky p≈ôednƒõj≈°√≠ ne≈æ dƒõti,https://web.archive.org/web/20220927041019im_/https://static.xx.fbcdn.net/images/emoji.php/v9/t40/1/16/261d.png,‚òùÔ∏è,,https://web.archive.org/web/20220927041019/https://www.piratibrandys.cz/clanek/2022-05-16-splasky-prednejsi-nez-deti
Spla≈°ky p≈ôednƒõj≈°√≠ ne≈æ dƒõti,https://web.archive.org/web/20220927041019im_/https://www.piratibrandys.cz/wp-content/uploads/2018/11/Screenshot-2022-05-23-at-14.29.50-48x48.png,,,https://web.archive.org/web/20220927041019/https://www.piratibrandys.cz/clanek/2022-05-16-splasky-prednejsi-nez-deti
≈†kolsk√° z√°pisov√° turistika m√° ≈ôe≈°en√≠,https://web.archive.org/web/20221129021011im_/https://www.piratibrandys.cz/wp-content/uploads/2018/11/Snimek-obrazovky-2022-05-22-v-21.57.30-48x48.png,,,https://web.archive.org/web/20221129021011/https://www.piratibrandys.cz/clanek/2022-05-20-skolska-zapisova-turistika-ma-reseni
U≈æ na startu kampanƒõ jsme ≈ôe≈°ili d≈Øle≈æit√° t√©mata,https://web.archive.org/web/20230206031038im_/https://static.xx.fbcdn.net/images/emoji.php/v9/t91/2/16/2614.png,‚òîÔ∏è,,https://web.archive.org/web/20230206031038/https://www.piratibrandys.cz/clanek/2022-05-29-na-startu-kampane-jsme-resili-dulezita-temata
U≈æ na startu kampanƒõ jsme ≈ôe≈°ili d≈Øle≈æit√° t√©mata,https://web.archive.org/web/20230206031038im_/https://static.xx.fbcdn.net/images/emoji.php/v9/t59/2/16/31_20e3.png,1Ô∏è‚É£,,https://web.archive.org/web/20230206031038/https://www.piratibrandys.cz/clanek/2022-05-29-na-startu-kampane-jsme-resili-dulezita-temata
U≈æ na startu kampanƒõ jsme ≈ôe≈°ili d≈Øle≈æit√° t√©mata,https://web.archive.org/web/20230206031038im_/https://static.xx.fbcdn.net/images/emoji.php/v9/t78/2/16/32_20e3.png,2Ô∏è‚É£,,https://web.archive.org/web/20230206031038/https://www.piratibrandys.cz/clanek/2022-05-29-na-startu-kampane-jsme-resili-dulezita-temata
U≈æ na startu kampanƒõ jsme ≈ôe≈°ili d≈Øle≈æit√° t√©mata,https://web.archive.org/web/20230206031038im_/https://static.xx.fbcdn.net/images/emoji.php/v9/t97/2/16/33_20e3.png,3Ô∏è‚É£,,https://web.archive.org/web/20230206031038/https://www.piratibrandys.cz/clanek/2022-05-29-na-startu-kampane-jsme-resili-dulezita-temata
U≈æ na startu kampanƒõ jsme ≈ôe≈°ili d≈Øle≈æit√° t√©mata,https://web.archive.org/web/20230206031038im_/https://static.xx.fbcdn.net/images/emoji.php/v9/tb6/2/16/34_20e3.png,4Ô∏è‚É£,,https://web.archive.org/web/20230206031038/https://www.piratibrandys.cz/clanek/2022-05-29-na-startu-kampane-jsme-resili-dulezita-temata
U≈æ na startu kampanƒõ jsme ≈ôe≈°ili d≈Øle≈æit√° t√©mata,https://web.archive.org/web/20230206031038im_/https://static.xx.fbcdn.net/images/emoji.php/v9/td5/2/16/35_20e3.png,5Ô∏è‚É£,,https://web.archive.org/web/20230206031038/https://www.piratibrandys.cz/clanek/2022-05-29-na-startu-kampane-jsme-resili-dulezita-temata
U≈æ na startu kampanƒõ jsme ≈ôe≈°ili d≈Øle≈æit√° t√©mata,https://web.archive.org/web/20230206031038im_/https://static.xx.fbcdn.net/images/emoji.php/v9/t38/2/16/23f3.png,‚è≥,,https://web.archive.org/web/20230206031038/https://www.piratibrandys.cz/clanek/2022-05-29-na-startu-kampane-jsme-resili-dulezita-temata
U≈æ na startu kampanƒõ jsme ≈ôe≈°ili d≈Øle≈æit√° t√©mata,https://web.archive.org/web/20230206031038im_/https://static.xx.fbcdn.net/images/emoji.php/v9/tee/2/16/1f689.png,üöâ,,https://web.archive.org/web/20230206031038/https://www.piratibrandys.cz/clanek/2022-05-29-na-startu-kampane-jsme-resili-dulezita-temata
U≈æ na startu kampanƒõ jsme ≈ôe≈°ili d≈Øle≈æit√° t√©mata,https://web.archive.org/web/20230206031038im_/https://static.xx.fbcdn.net/images/emoji.php/v9/t16/2/16/1f3e1.png,üè°,,https://web.archive.org/web/20230206031038/https://www.piratibrandys.cz/clanek/2022-05-29-na-startu-kampane-jsme-resili-dulezita-temata
U≈æ na startu kampanƒõ jsme ≈ôe≈°ili d≈Øle≈æit√° t√©mata,https://web.archive.org/web/20230206031038im_/https://static.xx.fbcdn.net/images/emoji.php/v9/t62/2/16/1fa7a.png,ü©∫,,https://web.archive.org/web/20230206031038/https://www.piratibrandys.cz/clanek/2022-05-29-na-startu-kampane-jsme-resili-dulezita-temata
U≈æ na startu kampanƒõ jsme ≈ôe≈°ili d≈Øle≈æit√° t√©mata,https://web.archive.org/web/20230206031038im_/https://static.xx.fbcdn.net/images/emoji.php/v9/tb6/2/16/1f468_200d_1f3eb.png,üë®‚Äçüè´,,https://web.archive.org/web/20230206031038/https://www.piratibrandys.cz/clanek/2022-05-29-na-startu-kampane-jsme-resili-dulezita-temata
U≈æ na startu kampanƒõ jsme ≈ôe≈°ili d≈Øle≈æit√° t√©mata,https://web.archive.org/web/20230206031038im_/https://www.piratibrandys.cz/wp-content/uploads/2022/05/283786469_1028469521166580_8574405412919689959_n-765x1024.jpg,Marek ≈òeb√≠ƒçek v rozhovoru s Ivanem Barto≈°em,,https://web.archive.org/web/20230206031038/https://www.piratibrandys.cz/clanek/2022-05-29-na-startu-kampane-jsme-resili-dulezita-temata
U≈æ na startu kampanƒõ jsme ≈ôe≈°ili d≈Øle≈æit√° t√©mata,https://web.archive.org/web/20230206031038im_/https://www.piratibrandys.cz/wp-content/uploads/2022/05/283795454_419305089772906_5883917152230042949_n-765x1024.jpg,"Marie Kub√°ƒçov√°, Patrick Zandl a Ivan Barto≈° v rozhovoru se synem Bertramem. ",,https://web.archive.org/web/20230206031038/https://www.piratibrandys.cz/clanek/2022-05-29-na-startu-kampane-jsme-resili-dulezita-temata
U≈æ na startu kampanƒõ jsme ≈ôe≈°ili d≈Øle≈æit√° t√©mata,https://web.archive.org/web/20230206031038im_/https://www.piratibrandys.cz/wp-content/uploads/2022/05/285012971_10159112711609039_2892100555401297564_n-1024x682.jpg,Spoleƒçn√° fotka sen√°tn√≠ch a prim√°torsk√Ωch kandid√°t≈Ø.,,https://web.archive.org/web/20230206031038/https://www.piratibrandys.cz/clanek/2022-05-29-na-startu-kampane-jsme-resili-dulezita-temata
U≈æ na startu kampanƒõ jsme ≈ôe≈°ili d≈Øle≈æit√° t√©mata,https://web.archive.org/web/20230206031038im_/https://www.piratibrandys.cz/wp-content/uploads/2022/05/284918110_10159112711499039_5073993220243138786_n-1024x683.jpg,,,https://web.archive.org/web/20230206031038/https://www.piratibrandys.cz/clanek/2022-05-29-na-startu-kampane-jsme-resili-dulezita-temata
U≈æ na startu kampanƒõ jsme ≈ôe≈°ili d≈Øle≈æit√° t√©mata,https://web.archive.org/web/20230206031038im_/https://www.piratibrandys.cz/wp-content/uploads/2022/05/285005127_10159112711539039_3432761303970531857_n-1024x682.jpg,,,https://web.archive.org/web/20230206031038/https://www.piratibrandys.cz/clanek/2022-05-29-na-startu-kampane-jsme-resili-dulezita-temata
U≈æ na startu kampanƒõ jsme ≈ôe≈°ili d≈Øle≈æit√° t√©mata,https://web.archive.org/web/20230206031038im_/https://www.piratibrandys.cz/wp-content/uploads/2018/11/Snimek-obrazovky-2022-05-22-v-21.57.30-48x48.png,,,https://web.archive.org/web/20230206031038/https://www.piratibrandys.cz/clanek/2022-05-29-na-startu-kampane-jsme-resili-dulezita-temata
